lgcode_iso3,Name,Link,WALS 116A: Polar Questions,WALS 116A: Pages,"GB107: Can standard negation be marked by an affix, clitic or modification of the verb?",GB107: Pages,"WALS 81A: Order of Subject, Object and Verb",WALS 81A: Pages,Filename,Title,Family,Subfamily,Genus,Macroarea,Author,Year,pages_sum,Metalanguage,Type
spp,Supyire,https://drive.google.com/file/d/1kjHyBNYzAvvPF5tPOhA4E0FaWy-lM0d_/view?usp=sharing,Clause-final question particle,527-529,1,376-397,SOV,238,carlson1994grammar,A Grammar of Supyire,Niger-Congo,,Senufo,Africa,"Carlson, Robert",1990,1048,eng,grammar
djm,Jamsay,https://drive.google.com/file/d/1Oj22zDdAqtEnD6O8h1lJQeE9lgdvxcG8/view?usp=drive_link,Clause-final question particle,460-463,1,"11, 366-371",SOV,17,heath2008grammar,A grammar of Jamsay,Dogon,,Dogon,Africa,"Heath, Jeffrey",2008,755,eng,grammar
mhi,Ma'di,https://drive.google.com/file/d/1pzDs9argszcSJwsBKQzU1OPRtSMJQb2Q/view?usp=sharing,Tone,"25, 425, 631-632",0,"20-21, 466-474",No dominant order,15,blackings2003grammar,A Grammar of Ma'di,Central Sudanic,,Moru-Ma'di,Africa,"Blackings, Mairi and Fabb, Nigel",2003,750,eng,grammar
dba,Bangime,https://drive.google.com/file/d/1iCBJaM5wOjWoYQFot06OknwjjRLcWTp5/view?usp=drive_link,Clause-final question particle,437,1,314-320 (negation has an impact on tone assignment),No dominant order,257,hantgan2013aspects,"Aspects of Bangime Phonology, Morphology, and Morphosyntax",Bangime,,Bangime,Africa,"Hantgan, Abbie",2013,550,eng,grammar
guk,Gumuz,https://drive.google.com/file/d/1_7no3IwD1tsNNYH6PucElR3NOy_7fCOw/view?usp=drive_link,"Clause-final question particle, Interrogative intonation only","207, 242 (also omission of affirmative morpheme, not obligatory)",1,209,SVO,409,ahland2012grammar,A grammar of Northern and Southern Gumuz,Gumuz,,Gumuz,Africa,"Ahland, Colleen Anne",2012,506,eng,grammar
khq,Koyra Chiini,https://drive.google.com/file/d/1CsoN_qTotChqjqA4R3FDX4AXfT74w85g/view?usp=drive_link,"Clause-final question particle, Interrogative intonation only",175,0,"11, 162",SVO,11,heath1999grammar,A Grammar of Koyra Chiini: The Songhay of Timbuktu,Songhay,,Songhay,Africa,"Heath, Jeffrey",1999,467,eng,grammar
sif,Seme,https://drive.google.com/file/d/1fTJFnuHTGUofgf4DmNhcpJVkJN6gL-VL/view?usp=drive_link,Clause-final question particle,70,0,69,SOV,11,toews2015topics,Topics in Siamou tense and aspect,Siamou,,Siamou,Africa,"Toews, Carmela I. P.",2015,432,eng,grammar
tms,Tima,https://drive.google.com/file/d/1phSbQwAMXXH2QxRKDvIrM2TlqsvtbBNo/view?usp=drive_link,Not mentioned in the grammar,,1,"40, 255-257",SVO,209,mubarak2009tima,Tima Word Structure (Noun and Verb),Kordofanian,,Katla-Tima,Africa,"Alamin Mubarak, Suzan",2009,344,eng,grammar
knw,!Xun (Ekoka),https://drive.google.com/file/d/1d1aiYhuHzIAR-HPyLsKmCPWM2x0PAZ2o/view?usp=sharing,"Clause-final question particle, Second position question particle",245-246,0,77-79,SVO,29,heine2015xun,The !Xun Language: A Dialect Grammar of Northern Khoisan,Kxa,,Ju-Kung,Africa,"Heine, Bernd and König, Christa",2015,342,eng,grammar
xtc,Katcha,https://drive.google.com/file/d/1fwS0h6ncDwseLcF7erCXwpzYYaPvJ838/view?usp=sharing,Not mentioned in the grammar,,0,"118, 212",No dominant order,"134, 154",turner2016morphosyntax,Morphosyntax of Katcha nominals: a Dynamic Syntax account,Kadu,,Kadugli,Africa,"Turner, Darryl John",2016,289,eng,grammar_sketch;specific_feature
ijc,Ijo (Kolokuma),https://drive.google.com/file/d/1n4kb-dQsi5yCzH4qKSnWxGMH-rgWHlGU/view?usp=sharing,"Interrogative verb morphology, Tone",76-77,1,74-75,SOV,"33-35, 71",williamson1965grammar,A Grammar of the Kolokuma Dialect of Ịjọ,Ijoid,,Ijoid,Africa,"Williamson, Kay",1965,134,eng,grammar
ema,Emai,https://drive.google.com/file/d/1gqh39G4zZTFIhwuNMU8J_ayc-GIhHK8N/view?usp=sharing,Interrogative intonation only,9,1,"15-20, 99-100, 104-105 (negation has an impact on tone assignment)",SVO,9,schaefer2017grammar,A grammar of Emai,Niger-Congo,Benue-Congo,Edoid,Africa,"Schaefer, Ronald P. and Egbokhare, Oisaghaede Francis",2017,1019,eng,grammar
ikx,Ik,https://drive.google.com/file/d/1dQhmrTU6dC6krzTt0ORMUiu4_yOQwK_O/view?usp=drive_link,Tone,526-529,1,360-361,VSO,20,schrock2014grammar,A grammar of Ik (Icé-tód): Northeast Uganda's last thriving Kuliak language,Eastern Sudanic,,Kuliak,Africa,"Schrock, Terrill",2014,747,eng,grammar
niy,Ngiti,https://drive.google.com/file/d/1KKRvrXXoKmeVkKUmH5QRuTczWVCjdLv0/view?usp=sharing,Second position question particle,379-380,0,242,No dominant order,"232, 269, 274",kutsch1994ngiti,Ngiti: A Central-Sudanic Language of Zaire,Central Sudanic,,Lendu,Africa,"Kutsch Lojenga, Constance",1994,531,eng,grammar
sid,Sidaama,https://drive.google.com/file/d/1JQEFaSFJTi_bAFCysPYO9ojAtgUe6pgM/view?usp=drive_link,Interrogative intonation only,72-73,1,286-290,SOV,511,kawachi2007grammar,A Grammar of Sidaama (Sidaamo): A Cushitic Language of Ethiopia,Afro-Asiatic,Cushitic,Highland East Cushitic,Africa,"Kawachi, Kazuhiro",2007,842,eng,grammar
muz,Mursi,https://drive.google.com/file/d/13zCNXEJp9sm1ojs2G0oCgl-MdaVGE3xz/view?usp=drive_link,Interrogative intonation only,529-531,1,534-549,SVO,455,worku2020grammar,"A grammar of Mursi, a Nilo-Saharan language",Eastern Sudanic,Surmic,South Surmic,Africa,"Worku, Firew Girma",2020,689,eng,grammar
mpe,Majang,https://drive.google.com/file/d/1YfGZjPbShVPJyYxee2g5kn8UFzYN9ela/view?usp=sharing,"Clause-final question particle, Clause-medial question particle, Tone",382-385,1,378-379,VSO,126,joswig2019majang,The Majang Language,Eastern Sudanic,Surmic,Majang,Africa,"Joswig, Andreas",2019,542,eng,grammar
bvq,Birri,https://drive.google.com/file/d/1p3l4OeozMcI3YOU-Tb6KLDEOHYH-Xakk/view?usp=sharing,Not mentioned in the grammar,217-218,0,207,Not mentioned in the grammar,,santandrea1966birri,The Birri Language: Brief Elementary Notes,Central Sudanic,,Birri,Africa,"Santandrea, Stefano",1966,154,eng,grammar_sketch
taq,Tamashek,https://drive.google.com/file/d/1mWbNNOxiJi6dX9S8jwO_dYemUCeIJgu2/view?usp=sharing,Interrogative intonation only,649,1,"301, 309-310 (ablaut)",VSO,16,heath2005grammar,A grammar of Tamashek (Tuareg of Mali),Afro-Asiatic,,Berber,Africa,"Heath, Jeffrey",2005,763,eng,grammar
cop,Coptic,https://drive.google.com/file/d/1qT92FS8q9qm4XDwRTvcMt2AqItHYiOxk/view?usp=sharing,Interrogative intonation only,149-151,1,338-339,SVO,371,reintges2018coptic,Coptic Egyptian (Sahidic Dialect): A Learner's Grammar,Afro-Asiatic,,Egyptian-Coptic,Africa,"Reintges, C. H.",2018,646,eng,grammar
ibo,Igbo,https://drive.google.com/file/d/1BcrWU-G5qoBynKuI1vtPQ3DLOiqhxaSX/view?usp=sharing,Tone,"308, 401",1,466,SVO,30,emenanjo2015grammar,A Grammar of Contemporary Igbo,Niger-Congo,Benue-Congo,Igboid,Africa,"Emenanjo, Nolue Emmanuel",2015,672,eng,grammar
mcs,Mambai,https://drive.google.com/file/d/1D0kUr5QFslTnNzWOn3Lw2vbpRCZ5wE4I/view?usp=sharing,Clause-final question particle,433-434 (error in Grambank?),0,357-360,SVO,431,anonby2008phonology,"Phonology and Morphology of Mambay (Niger-Congo, Adamawa)",Niger-Congo,Adamawa-Ubangi,Mbumic,Africa,"Anonby, Erik John",2008,592,eng,grammar
tbi,Ingessana,https://drive.google.com/file/d/1L0xVA0rwmthqh3wgqh72Md3rQLCFGtQF/view?usp=drive_link,Clause-final question particle,"295, 311",0,279,SVO,282,stirtz2012lot,"A grammar of Gaahmg, a Nilo-Saharan language of Sudan",Eastern Sudanic,,Eastern Jebel,Africa,"Stirtz, Timothy",2012,350,eng,grammar
gow,Gorowa,https://drive.google.com/file/d/1Vvt0WIaF7MEoB7CHfDh1IBx706SxjRtj/view?usp=sharing,,184-185,1,182-183,SOV,172,harvey2018gorwaa,The Gorwaa noun: Toward a description of the Gorwaa language,Afro-Asiatic,Cushitic,Southern Cushitic,Africa,"Harvey, Andrew",2018,564,eng,grammar_sketch;specific_feature
shj,Shatt,https://drive.google.com/file/d/1STqhzv3BZCGeUkQFOxutQEbXRnoLghFZ/view?usp=sharing,Not mentioned in the grammar,,Not mentioned in the grammar,,Not mentioned in the grammar,,alfira2016caning,Caning Grammar Book,Eastern Sudanic,,Daju,Africa,"Alfira, David Abbi and Kafi, Timothy Kuku and Kaki, Hassan Kuwa and Hasan, Ali Alaliim and Anjo, Anjo Kuku and Jas, Dayan Kuku and Sarukh, Sadik Kafi",2016,270,eng,grammar
kfz,Koromfe,https://drive.google.com/file/d/13H5onEbKvu5HUDBB21PwtolS259H8-jI/view?usp=sharing,Clause-final question particle,12-14,1,98-99,SVO,150,rennison1997koromfe,Koromfe,Niger-Congo,Gur,Koromfe,Africa,"Rennison, John R.",1997,575,eng,grammar
fia,Nobiin,https://drive.google.com/file/d/1fDIuZdjq8_kgxaQ7K7eh4yH9fUgYgXaP/view?usp=sharing,Interrogative verb morphology,100-102,1,122-123 (can be either free or bound),SOV,212,bechhaus2011hi,The (Hi)story of Nobiin - 1000 years of language change,Eastern Sudanic,,Nubian,Africa,"Bechhaus-Gerst, Marianne",2011,252,eng,grammar_sketch;comparative
nyi,Nyimang,https://drive.google.com/file/d/1g4J3DBIlOsQQ2Gr_jq95hFmhERWDavTs/view?usp=sharing,Not mentioned in the grammar,109-114,0,116,Not mentioned in the grammar,,stevenson1938grammar,A grammar of the Nyimang language (Nuba Mountains),Eastern Sudanic,,Nyimang,Africa,"Stevenson, Roland C.",1938,195,eng,grammar
lme,Lamé,https://drive.google.com/file/d/12X9kR78Hl1Gm8YlXiiwBJHfEJS7xZZy5/view?usp=drive_link,Clause-final question particle,226-227,0,236-240,SVO,"118, 124",shay2019grammar,A Grammar of Pévé,Afro-Asiatic,Chadic,Masa,Africa,"Shay, Erin",2019,383,eng,grammar
gup,Bininj Gun-Wok,https://drive.google.com/file/d/1KmnpNhtUxVfazcBin5Saor4hcxu1UI44/view?usp=sharing,Interrogative intonation only,607-608,0,604-605,No dominant order,549-551,evans2003bininj,"Bininj Gun-Wok: A Pan-dialectal Grammar of Mayali, Kunwinjku and Kune",Gunwinyguan,,Marne,Australia,"Evans, Nicholas",2003,775,eng,grammar
wmb,Wambaya,https://drive.google.com/file/d/1cEb2wYJs2FJLD2sEe97j-T51USrKpFm9/view?usp=sharing,"Interrogative intonation only, Second position question particle",197-198,0,200,No dominant order,"2, 173",nordlinger1998grammar,A Grammar of Wambaya,Mirndi,,Wambayan,Australia,"Nordlinger, Rachel",1993,684,eng,grammar
wrr,Wardaman,https://drive.google.com/file/d/1e6sG7ifvtvcUapi2Ww1hHsT-r4cGJOtL/view?usp=sharing,Not mentioned in the grammar,,0,186-187,No dominant order,248-249,merlan1994grammar,A Grammar of Wardaman: A Language of the Northern territory of Australia,Yangmanic,Gunwinyguan,Yangmanic,Australia,"Merlan, Francesca C.",1994,633,eng,grammar
gni,Gooniyandi,https://drive.google.com/file/d/1yc1uN6SwCWR_CH7Ru1uqefvBrmI8Yj4w/view?usp=sharing,No interrogative-declarative distinction,369-371,0,488-489,No dominant order,3,mcgregor1990functional,A Functional Grammar of Gooniyandi,Bunuban,,Bunuban,Australia,"McGregor, William",1990,618,eng,grammar
tiw,Tiwi,https://drive.google.com/file/d/1nCqAp9GiiDvgj_83wKkG556lL_9EQx0r/view?usp=sharing,"Clause-final question particle, Interrogative intonation only",290,0,287-289,SVO,15-16,lee1987tiwi,Tiwi Today: a study of language change in a contact situation,Tiwian,,Tiwian,Australia,"Lee, Jennifer R.",1983,605,eng,grammar
nck,Nakkara,https://drive.google.com/file/d/1GLHgudEKATu6XNnhL-mNwq7juZYS-zZ4/view?usp=sharing,Not mentioned in the grammar,,1,189-190,N/A,175,eather1990grammar,A Grammar of Nakkara (Central Arnhem Land Coast),Mangrida,,Nakkara,Australia,"Eather, Bronwyn",1990,514,eng,grammar
wrk,Garrwa,https://drive.google.com/file/d/1FT65N_adJyIivFD0b74AMWeO1eDlwMVP/view?usp=sharing,"Interrogative intonation only, Second position question particle",286,0,https://grambank.clld.org/sources/hvBreenWanyiGarrwa80-283,No dominant order,263,mushin2012grammar,A grammar of (Western) Garrwa,Garrwan,,Garrwan,Australia,"Mushin, Ilana",2012,491,eng,grammar
nam,Ngankikurungkurr,https://drive.google.com/file/d/1vBiftzlVphrWiwUZ2HPKOatTBMl-e1L9/view?usp=sharing,Interrogative intonation only,Hoddinott and Kofod 1988: 214,0,negative particle,No dominant order,327,reid2011ngan,"Ngan'gityemerri: A Language of the Daly River Region, Northern territory of Australia",Southern Daly,,Ngankikurungkurr,Australia,"Reid, Nicholas J.",1990,482,eng,grammar
waq,Wagiman,https://drive.google.com/file/d/11XMMXMDExrg2PfV_IssUmUyKKMcQYvMf/view?usp=sharing,Not mentioned in the grammar,,0,271,No dominant order,292-298,cook1987wagiman,Wagiman matyin: a description of the wagiman language of the Northern Territory,Wagiman,,Wagiman,Australia,"Cook, Anthony R.",1987,389,eng,grammar
aii,Neo-Aramaic (Assyrian),https://drive.google.com/file/d/1z2ytp5RDOXI8Uf1RhytUruWr_Sl-VDOj/view?usp=sharing,Interrogative verb morphology,"627, 631, 1021",1,194,SOV,879,khan2008neo,The Neo-Aramaic Dialect of Barwar,Afro-Asiatic,,Semitic,Eurasia,"Khan, Geoffrey",2008,2236,eng,grammar;text;dictionary
eng,English,https://drive.google.com/file/d/1wQoIA_3WSbMI_IG-OcCpTJOizZwM0GFK/view?usp=sharing,Interrogative word order,762,1,799-801,SVO,53,huddleston2005cambridge,The Cambridge grammar of the English language,Indo-European,,Germanic,Eurasia,"Huddleston, Rodney D. and Pullum, Geoffrey K.",2002,1859,eng,grammar
kor,Korean,https://drive.google.com/file/d/1uIsoeOkONWtb9JwU4cP6-_-OU2iJL3LV/view?usp=sharing,Not mentioned in the grammar,,1,315,SOV,"283, 297",martin1992reference,A Reference Grammar of Korean: A Complete Guide to the Grammar and History of the Korean Language,Korean,,Korean,Eurasia,"Martin, Samuel E.",1992,1042,eng,grammar
eus,Basque,https://drive.google.com/file/d/1OPdc3yci6VPPAso9LNcASus5_d_OJfBh/view?usp=sharing,Interrogative intonation only,467-469,0,518,SOV,78,hualde2003grammar,A Grammar of Basque,Basque,,Basque,Eurasia,"Hualde, José I. and de Urbina, Jon Ortiz",2003,976,eng,grammar
mal,Malayalam,https://drive.google.com/file/d/1TyF8fJ2XZTydm9J4HIDSivvUQDzLhqPi/view?usp=sharing,Interrogative verb morphology,60-61,1,,Not mentioned in the grammar,,syamala1981intensive,An intensive course in Malayalam,Dravidian,,Dravidian,Eurasia,"Kumari, B. Syamala",1981,933,eng,grammar
ium,Mien,https://drive.google.com/file/d/1Da4ysDri8e9tfxvzipFcFkx2gZxdoBjs/view?usp=sharing,"Clause-final question particle, Interrogative intonation only",664,0,648-651,No dominant order,"3-4, 224-225",arisawa2016iu,An Iu Mien Grammar: A Tool for Language Documentation and Revitalisation,Hmong-Mien,,Mienic,Eurasia,"Arisawa, Tatsuro Daniel",2016,924,eng,grammar
sza,Semelai,https://drive.google.com/file/d/1R262ELQiOFJAgfQkfSTfeBakZsP2c6MB/view?usp=sharing,"Clause-final question particle, Clause-medial question particle, Interrogative intonation only",324-326,0,316-320,No dominant order,5,kruspe2004grammar,Semelai,Austro-Asiatic,Mon-Khmer,Aslian,Eurasia,"Kruspe, Nicole D.",1999,755,eng,grammar
yux,Yukaghir (Kolyma),https://drive.google.com/file/d/1TNQOJ4OHvV2ipFXkGeYIEcD0KofG0sww/view?usp=sharing,Interrogative intonation only,Maslova 1999: 570,1,491-492,SOV,"9, 341-342",maslova2003grammar,A grammar of Kolyma Yukaghir,Yukaghir,,Yukaghir,Eurasia,"Maslova, Elena",1999,726,eng,grammar
kat,Georgian,https://drive.google.com/file/d/1_XQLGZASpUZiSCVUl6TPAmonlkHUnQtX/view?usp=sharing,Interrogative intonation only,Hewitt 1995: 565,0,571,No dominant order,528,hewitt1995georgian,Georgian: A Structural Reference Grammar,Kartvelian,,Kartvelian,Eurasia,"Hewitt, George B.",1995,726,eng,grammar
alr,Alutor,https://drive.google.com/file/d/1loRIlwkrrqNuXkrrtPyHqowDh4kR2EXn/view?usp=sharing,Not mentioned in the grammar,,1,64-67,No dominant order,123,kibrik2004language,Language and folklore of the Alutor people,Chukotko-Kamchatkan,,Northern Chukotko-Kamchatkan,Eurasia,"Kibrik, Aleksandr E. and Kodzasov, Sandro V. and Muravyova, Irina A.",2004,687,eng,grammar_sketch;text;dictionary
tha,Thai,https://drive.google.com/file/d/1-AdhqYsTo4PlI5Ymga5jTnehdet6lsmc/view?usp=sharing,Clause-final question particle,"4, 86-88",0,"16, 73-74",SVO,3,campbell1957fundamentals,The fundamentals of the Thai language,Tai-Kadai,,Kam-Tai,Eurasia,"Campbell, Stuart and Shaweevongse, Chaun",1957,632,eng,grammar
nio,Nganasan,https://drive.google.com/file/d/1bgTKopae8Hgi7FhWNp12nT57nEI22Icc/view?usp=sharing,Interrogative intonation only,379-380,0,405,SOV,388,wagner2018grammar,A grammar of Nganasan,Uralic,,Samoyedic,Eurasia,"Wagner-Nagy, Beáta Boglárka",2019,602,eng,grammar
niv,Nivkh (South Sakhalin),https://drive.google.com/file/d/171dqurp01KY7LfllWTcakzo4yZdpP3pW/view?usp=sharing,Clause-final question particle,113,1,24-25,SOV,101,vajda2006mattissen,Dependent-Head Synthesis in Nivkh: A contribution to a typology of polysynthesis,Nivkh,,Nivkh,Eurasia,"Mattissen, Johanna",2003,360,eng,grammar
anq,Jarawa (in Andamans),https://drive.google.com/file/d/1ENV4gcZZ3QqBtAS_0cxftkSZHjBzCBo3/view?usp=sharing,,170-172,1,163-166,SOV,204,kumar2012descriptive,Descriptive and typological study of Jarawa,South Andamanese,,South Andamanese,Eurasia,"Kumar, Pramod",2012,357,eng,grammar
nll,Nahali,https://drive.google.com/file/d/1oF8lfnTlxzXtna33GbUQhAdrjm8QipAz/view?usp=sharing,Not mentioned in the grammar,,1,75-82,SOV,108,nagaraja2014nihali,"The Nihali Language (Grammar, Texts, Vocabulary)",Nahali,,Nahali,Eurasia,"Nagaraja, K. S.",2014,344,eng,grammar
kgg,Kusunda,https://drive.google.com/file/d/16Y5WcBIEy5kRMPrxzT_yis9B2ngBf5mv/view?usp=sharing,Not mentioned in the grammar,47-48,1,72,SOV,21,watters2006notes,Notes on Kusunda Grammar: A Language Isolate of Nepal,Kusunda,,Kusunda,Eurasia,"Watters, David E.",2006,182,eng,grammar
ude,Udihe,https://drive.google.com/file/d/1sJVQe9bxqYCM0CaWplBcJJRnirjQCi3s/view?usp=sharing,Interrogative intonation only,Nikolaeva and Tolskaya 2001: 807,0,"214, 818-838",SOV,840,nikolaeva2001grammar,A Grammar of Udihe,Altaic,,Tungusic,Eurasia,"Nikolaeva, Irina and Tolskaya, Maria",2001,1002,eng,grammar
inh,Ingush,https://drive.google.com/file/d/17nCacyJqT5url_Lu1jVIMVB74vY4gvK4/view?usp=sharing,Interrogative verb morphology,"543, 709",1,693,No dominant order,673,nichols2011ingush,Ingush Grammar,Nakh-Daghestanian,,Nakh,Eurasia,"Nichols, Johanna",2011,824,eng,grammar
lez,Lezgian,https://drive.google.com/file/d/16DlHyR2fETM4Uf6z04muJfXl-UIyTz_k/view?usp=sharing,"Interrogative intonation only, Interrogative verb morphology","417-420, 429",1,133,SOV,"5, 298",haspelmath1993grammar,A Grammar of Lezgian,Nakh-Daghestanian,Daghestanian,Lezgic,Eurasia,"Haspelmath, Martin",1993,587,eng,grammar
adl,Galo,https://drive.google.com/file/d/1wH2ot8PJM1P5u0iQ-Z4vna2E7U6cjrju/view?usp=sharing,"Clause-final question particle, Clause-medial question particle",651-655,1,570,SOV,690,post2007grammar,A Grammar of Galo,Sino-Tibetan,Tibeto-Burman,Tani,Eurasia,"Post, Mark",2007,947,eng,grammar
esu,Yup'ik (Norton Sound),https://drive.google.com/file/d/1sKvMhuU4Pv1XGsnqbXuqmDW4L2VMh9PL/view?usp=sharing,"Interrogative intonation only, Second position question particle",168-170,1,1272-1285,SOV,179-181,miyaoka2012grammar,A grammar of Central Alaskan Yupik: An Eskimo Language,Eskimo-Aleut,,Eskimo,North America,"Miyaoka, Osahito",2012,1709,eng,grammar
yuk,Yuki,https://drive.google.com/file/d/1pjfSET2rRwuNG5I7zv8DjdtnuxFwJpSv/view?usp=sharing,Interrogative verb morphology,641-644,1,651-652,No dominant order,393-397,balodis2011yuki,Yuki Grammar in its Areal Context with sketches of Huchnom and Coast Yuki,Wappo-Yukian,,Yuki,North America,"Balodis, Uldis Ivars Jānis",2011,1053,eng,grammar;text
ppl,Pipil,https://drive.google.com/file/d/15ERaj_gs1pQUwN6x4BLOQN-zqEoLrh_a/view?usp=sharing,Interrogative intonation only,114,0,941,No dominant order,101-109,campbell1985pipil,The Pipil Language of El Salvador,Uto-Aztecan,,Aztecan,North America,"Campbell, Lyle",1985,971,eng,grammar
mic,Micmac,https://drive.google.com/file/d/13xGASsW1aCMlV2vejpz5ootIV_SWwzaQ/view?usp=sharing,Not mentioned in the grammar,,1,192-193,VOS,251-252,fidelholtz1968micmac,Micmac morphophonemics,Algic,,Algonquian,North America,"Fidelholtz, James L.",1968,808,eng,grammar_sketch;specific_feature
tee,Tepehua (Huehuetla),https://drive.google.com/file/d/1zhMBqAPiSJQRYKJGCgDWLdsDazHcJ40h/view?usp=sharing,Interrogative intonation only,564-567,0,578-584,No dominant order,541,kung2007descriptive,A Descriptive Grammar of Huehuetla Tepehua,Totonacan,,Totonacan,North America,"Kung, Susan Smythe",2007,750,eng,grammar
hur,Musqueam,https://drive.google.com/file/d/1rxDilwO6oCTlLSq4xZB8ICwLmDwAPFEV/view?usp=sharing,Clause-medial question particle,482-484,0,151-153,VSO,"139, 149",galloway1977grammar,A Grammar of Chilliwack Halkomelem,Salishan,,Central Salish,North America,"Galloway, Brent Douglas",1977,722,eng,grammar
oma,Omaha,https://drive.google.com/file/d/17rIUuX7OMMZpuijMQuqc4D2c882SlbIl/view?usp=sharing,Not mentioned in the grammar,430,1,331 (ablaut),SOV,247,awakuni2018omaha,The Omaha Language and the Omaha Way: An Introduction to Omaha Language and Culture,Siouan,,Mississippi Valley Siouan,North America,"Awakuni-Swetland, Mark and Canby, Alberta Grant and Sanchez, Emmaline Walker and Larson, Rory and Walker, Arlene and Black, Delores and Krug, Aubrey Streit and Frerichs, Loren H.",2018,707,eng,grammar
was,Washo,https://drive.google.com/file/d/13moqfmOau0jB708oe9sI7ATdWsNYWCWt/view?usp=sharing,Interrogative verb morphology,598,1,621,SOV,"399-400, 455",jacobsen1964grammar,A Grammar of the Washo Language,Washo,,Washo,North America,"Jacobsen and Jr. and H., William",1964,701,eng,grammar
cku,Koasati,https://drive.google.com/file/d/1tfdZuRVOUXtdH7FcNg2Z_jVmq7hB7Zkm/view?usp=sharing,Not mentioned in the grammar,229-232,1,196-198,SOV,513,kimball1991koasati,Koasati Grammar,Muskogean,,Muskogean,North America,"Kimball, Geoffrey D.",1991,666,eng,grammar
boi,Chumash (Barbareño),https://drive.google.com/file/d/1MYSHQ9vCpx3Esq-TtuWHKZU-LIAylhv2/view?usp=sharing,Not mentioned in the grammar,88,1,49,VOS,69,wash2001adverbial,Adverbial Clauses in Barbareño Chumash Narrative Discourse,Chumash,,Chumash,North America,"Wash, Suzanne Maria",2001,591,eng,grammar_sketch
yuc,Yuchi,https://drive.google.com/file/d/1BKsTLf0CBGuMNKvcAsdVKziFrH_4947W/view?usp=sharing,"Clause-final question particle, Interrogative intonation only, Second position question particle","456, 467",1,480,SOV,449,linn2001grammar,A grammar of Euchee (Yuchi),Yuchi,,Yuchi,North America,"Linn, Mary Sarah",2001,564,eng,grammar
aes,Alsea,https://drive.google.com/file/d/1pC0aZkq29nsXpuVC7Lpk6w9_UmZhJqHo/view?usp=sharing,Interrogative verb morphology,338,0,47,Not mentioned in the grammar,,frachtenberg1918alsea,Alsea Grammar,Oregon Coast,,Alsea,North America,"Frachtenberg, Leo Joachim",1918,431,eng,grammar
ari,Arikara,https://drive.google.com/file/d/1fz9H1V5AWinBaEWXSzY4zuQl71tn-6oe/view?usp=sharing,,"275-280, 403",1,143-144,No dominant order,68,parks1979introduction,An introduction to the Arikara language,Caddoan,,Northern Caddoan,North America,"Parks, Douglas and Beltran, Janet and Waters, Ella",1979,422,eng,grammar
tkm,Takelma,https://drive.google.com/file/d/10fuqyyXisavdGCVKt6nSfEUyeKip3l6n/view?usp=sharing,Second position question particle,"16, 277",0,199-201,SOV,,sapir1912takelma,The Takelma Language of Southwestern Oregon,Takelma,,Takelma,North America,"Sapir, Edward",1909,304,eng,grammar
tow,Jemez,https://drive.google.com/file/d/1CIC29Ds08DZ2SvarExSAQjak_DU5wzuV/view?usp=sharing,Second position question particle,141-145,1,"147, 188",Not mentioned in the grammar,,yumitani1998phonology,A Phonology and Morphology of Jemez Towa,Kiowa-Tanoan,,Kiowa-Tanoan,North America,"Yumitani, Yukihiro",1998,298,eng,grammar
zun,Zuni,https://drive.google.com/file/d/1mlecXtT7k0qmBMQ7U5J1-bA_8JnHWtTE/view?usp=sharing,"Clause-final question particle, Clause-medial question particle","23, 31",1,"11, 22, 25",SOV,6,nichols1997topics,Topics in Zuni Syntax,Zuni,,Zuni,North America,"Nichols, Lynn",1997,289,eng,grammar
rma,Rama,https://drive.google.com/file/d/1aI3rA5Gz3PyOiqwKHcGnV8jgkM6udvGw/view?usp=sharing,Not mentioned in the grammar,,1,185,SOV,"33, 115",grinevald1990grammar,A Grammar of Rama,Chibchan,,Rama,North America,"Grinevald, Colette G.",no date,284,eng,grammar
tqw,Tonkawa,https://drive.google.com/file/d/1ZoQz129VsrtkdOqmq-WDb34XGMrvKTUj/view?usp=sharing,Interrogative verb morphology,89,1,82,SOV,26,hoijer1933tonkawa,Tonkawa,Tonkawa,,Tonkawa,North America,"Hoijer, Harry",1933-1938,148,eng,grammar
tun,Tunica,https://drive.google.com/file/d/1VRVXvBzJxj0HJU-mPg1WqHdH5MnD3hcx/view?usp=sharing,Interrogative verb morphology,118,1,54-55,SOV,98-99,haas1940tunica,Tunica,Tunica,,Tunica,North America,"Haas, Mary R.",1941,143,eng,grammar
wao,Wappo,https://drive.google.com/file/d/1l1n_zNXZA8c33B4FFjAqLxOkxirJauQo/view?usp=sharing,Not mentioned in the grammar,52,1,"35, 139, 149",Not mentioned in the grammar,,radin1929grammar,A Grammar of the Wappo Language,Wappo-Yukian,,Wappo,North America,"Radin, Paul",1929,202,eng,grammar
ute,Ute,https://drive.google.com/file/d/1QUCJOx4NIMz09bnpWiZuDUCyp4_hZZ3v/view?usp=sharing,"Clause-final question particle, Clause-medial question particle","105, 110, 116",1,271,Not mentioned in the grammar,,sapir1992southern,Southern Paiute and Ute Linguistics and Ethnography,Uto-Aztecan,,Northern Uto-Aztecan,North America,"Sapir, Edward",1992 [1930],932,eng,grammar;text;dictionary
yur,Yurok,https://drive.google.com/file/d/1bANe3rR42W6x85TBODqmx6ej9dVpCMjj/view?usp=sharing,,"https://wals.info/refdb/record/Robins-1958: 139, passim",0,79-84,No dominant order,89-90,garrett2014basic,Basic Yurok grammar,Algic,,Yurok,North America,"Garrett, Andrew",2014,341,eng,grammar
nuk,Nuuchahnulth,https://drive.google.com/file/d/1VLZdA9FDq5otOYDuiZJWfAnHhCwBp8iH/view?usp=sharing,,,1,155-156,No dominant order,109-110,davidson2002studies,Studies in Wakashan (Nootkan) Grammar,Wakashan,,Southern Wakashan,North America,"Davidson, Matthew",2002,488,eng,grammar
col,Columbia-Wenatchi,https://drive.google.com/file/d/1dyn14atJWvknKnus0jzlYevxDaf9Ah_b/view?usp=sharing,,,0,322,VOS,94-95,willett2003grammatical,A Grammatical Sketch of Nxa'amxcin (Moses-Columbia Salish),Salishan,,Interior Salish,North America,"Willett, Marie Louise",2003,476,eng,grammar
hid,Hidatsa,https://drive.google.com/file/d/1qfcYQm_QBzLkHY9X-N9NHyLpmVWb3q8M/view?usp=sharing,,,1,198,SOV,378,park2012grammar,A grammar of Hidatsa,Siouan,,Missouri River Siouan,North America,"Park, Indrek",2012,580,eng,grammar
mlu,Toqabaqita,https://drive.google.com/file/d/1LqtNJiuqKHcSGFapMqUSRv9Rp4rOLvCB/view?usp=sharing,,,0,734,SVO,43-44,lichtenberk2008grammar,A grammar of Toqabaqita,Austronesian,Eastern Malayo-Polynesian,Oceanic,Papunesia,"Lichtenberk, Frantisek",2008,1408,eng,grammar
ahh,Aghu,https://drive.google.com/file/d/1_HrWCOrZxMO5IexO_HA1ArAw4tdZsCIy/view?usp=sharing,,,1,117,SOV,275-278,van2016aghu,Aghu: annotated texts with grammatical introduction and vocabulary lists,Trans-New Guinea,Awyu-Ok,Awju,Papunesia,"van den Heuvel, Wilco",2016,859,eng,grammar;text;dictionary
mle,Manambu,https://drive.google.com/file/d/1nWx40_XQTKsRdeRKb-2qQNRRBmQjDA-H/view?usp=sharing,,,1,"250-253, 298-300",SOV,535,aikhenvald2008manambu,"The Manambu language of East Sepik, Papua New Guinea",Sepik,,Ndu,Papunesia,"Aikhenvald, Alexandra Y.",2008,727,eng,grammar
fqs,Momu,https://drive.google.com/file/d/1LxjVSxUdBjN_vAGXYIwWrTEJdrQLag6G/view?usp=sharing,,,1,413-414,SOV,28,honeyman2016grammar,"A grammar of Momu, a language of Papua New Guinea",Baibai-Fas,,Baibai-Fas,Papunesia,"Honeyman, Thomas",2017,700,eng,grammar
mkz,Makasae,https://drive.google.com/file/d/1qib0lUIuk3s9LYH6HWOhKk8zfQtfYzXQ/view?usp=sharing,,https://wals.info/refdb/record/Huber-2008: 71,0,366-367,SOV,"24, 26",huber2011grammar,A grammar of Makalero: A Papuan language of East Timor,Greater West Bomberai,Timor-Alor-Pantar,East Timor,Papunesia,"Huber, Juliette",2011,700,eng,grammar
siw,Motuna,https://drive.google.com/file/d/1vOmPHdelKzoFq4XpCVC28EQA8u6Faivl/view?usp=sharing,,,0,285,No dominant order,60-61,onishi1994grammar,"A Grammar of Motuna (Bougainville, Papua New Guinea)",South Bougainville,,South Bougainville,Papunesia,"Onishi, Masayuki",2011,593,eng,grammar
lvk,Lavukaleve,https://drive.google.com/file/d/192EHxS-UKTq6oyRn_17aY1A79mUiloPB/view?usp=sharing,,"https://wals.info/refdb/record/Terrill-1999: 406, 17.1.1",1,460,SOV,13,terrill1999grammar,A Grammar of Lavukaleve,Solomons East Papuan,,Lavukaleve,Papunesia,"Terrill, Angela",2003,585,eng,grammar
kbv,Dla (Menggwa),https://drive.google.com/file/d/1MxHIRCdlGwNCVZd6pI9bS9_8Kr2_euhd/view?usp=sharing,Interrogative intonation only,https://wals.info/refdb/record/de-Sousa-2006: passim,1,138-139,No dominant order,259,de2006menggwa,The Menggwa Dla language of New Guinea,Senagi,,Senagi,Papunesia,"de Sousa, Hilário",2006,569,eng,grammar
duc,Duna,https://drive.google.com/file/d/1zetQvXVdCm7VeRhyD-lynJXL2w9htWvN/view?usp=sharing,,,1,301,SOV,107-109,san2008introduction,An introduction to Duna grammar,Duna-Bogaya,,Duna,Papunesia,"San Roque, Lila",2008,528,eng,grammar
tuh,Taulil,https://drive.google.com/file/d/1133cdfbzGlLbsdzb1kJ4woMGNy9jf_O_/view?usp=sharing,,,0,255,SVO,63,meng2018grammar,A grammar of Tulil,Taulil,,Taulil,Papunesia,"Meng, Chenxi",2018,516,eng,grammar
gpn,Taiap,https://drive.google.com/file/d/1RIF2JWt-Ya3oKd0mgd-XqXeqZn8uUeNr/view?usp=sharing,,,0,138-144,SOV,250-251,kulick2019grammar,A Grammar and Dictionary of Tayap: The Life and Death of a Papuan Language,Taiap,,Taiap,Papunesia,"Kulick, Don and Terrill, Angela",2019,516,eng,grammar;dictionary
yee,Yimas,https://drive.google.com/file/d/1oYmkHUTsjzx4YOzuvv9StuCuiHl9bQdg/view?usp=sharing,,,1,251,No dominant order,4,foley1991yimas,The Yimas Language of New Guinea,Ramu-Lower Sepik,,Lower Sepik,Papunesia,"Foley, William A.",1991,506,eng,grammar
kcd,Kanum (Ngkâlmpw),https://drive.google.com/file/d/11WScWGsMq7KhMDtUVTDRimpvdVjDAGDC/view?usp=sharing,,,0,passim,No dominant order,132 // pragmatically neutral (if it is even a thing),carroll2016ngkolmpu,The Ngkolmpu Language with special reference to distributed exponence,Yam,,Kanum,Papunesia,"Carroll, Matthew",2017,428,eng,grammar
ayz,Maybrat,https://drive.google.com/file/d/14yFFQYYEuP_5jt6clAjV7JMzCqmpoLXT/view?usp=sharing,,Dol 1999: 199,0,167-174 (error in Grambank?),SVO,143,dol2007grammar,"A Grammar of Maybrat: a language of Bird's Head, Irian Jaya, Indonesia",Maybrat,,Maybrat,Papunesia,"Dol, Philomena Hedwig",1999,405,eng,grammar
cns,Asmat,https://drive.google.com/file/d/1hBvHixgsP3UqKV7Hhu1uojddkYTMQbkq/view?usp=sharing,,"	Voorhoeve 1965: 106-108, passim 92",0,165-168,Not mentioned in the grammar,,voorhoeve1965flamingo,The Flamingo Bay Dialect of the Asmat Language,Asmat-Kamrau Bay,,Asmat-Kamrau Bay,Papunesia,"Voorhoeve, Clemens L.",1965,367,eng,grammar;text
kto,Kuot,https://drive.google.com/file/d/1tGNEPKahFRKpPWXkms47RC9EfXCzNuLy/view?usp=sharing,Interrogative intonation only,Chung and Chung 1996: 10,0,10-11,VSO,22,lindstrom2002topics,Topics in the Grammar of Kuot,Kuot,,Kuot,Papunesia,"Lindström, Eva",2002,264,eng,grammar
imn,Imonda,https://drive.google.com/file/d/1V5hawFwwTNgcsHr_fmHtirtDvE5jTAGD/view?usp=sharing,,"https://wals.info/refdb/record/Seiler-1985: 100, 174, passim

",1,170-173,No dominant order,179,seiler1985imonda,"Imonda, a Papuan Language",Border,,Border,Papunesia,"Seiler, Walter",1985,262,eng,grammar
nir,Nimboran,https://drive.google.com/file/d/1E_hFAiQUWLDRfXh1JuRej7hehZ4KaCon/view?usp=sharing,,,Not mentioned in the grammar,,Not mentioned in the grammar,,anceaux1965nimboran,The Nimboran Language,Nimboran,,Nimboran,Papunesia,"Anceaux, Johannes Cornelis",1965,257,eng,grammar
kgr,Abun,https://drive.google.com/file/d/12PUQ2B1U_iszzAtC4LZQ4msY5L2ehbf4/view?usp=sharing,,"https://wals.info/refdb/record/Berry-1995b: 85, 144

",0,132-145,SVO,4,berry1999description,A description of Abun: a West Papuan language of Irian Jaya,Abun,,Abun,Papunesia,"Berry, Keith and Berry, Christine",1999,248,eng,grammar
ulk,Meryam Mir,https://drive.google.com/file/d/1D_HJI_1TivOknlArKIvU2tx0ONI6vPNN/view?usp=sharing,Interrogative intonation only,https://wals.info/refdb/record/Piper-1989: 192,0,195,SOV,183,piper1989sketch,A Sketch Grammar of Meryam Mer,Eastern Trans-Fly,,Eastern Trans-Fly,Papunesia,"Piper, Nick",2013 [1989],240,eng,grammar_sketch
had,Hatam,https://drive.google.com/file/d/1iP4X-7Idsy3jankMf_zTVy5hPFT1s24A/view?usp=sharing,,https://wals.info/refdb/record/Reesink-1999: 68,0,96-97,SVO,"78, 89",reesink1999grammar,A Grammar of Hatam: Bird's Head Peninsula Irian Jaya,Hatim-Mansim,,Hatim-Mansim,Papunesia,"Reesink, Ger P.",1999,230,eng,grammar
kwo,Kwomtari,https://drive.google.com/file/d/1tJiqKiO1LVwSUdk-fXgRhzSeV5pVx7Xq/view?usp=sharing,,,1,107,SOV,14,honsberger2008kwomtari,Kwomtari Phonology and Grammar Essentials,Kwomtari,,Kwomtari,Papunesia,"Honsberger, Murray and Honsberger, Carol and Tupper, Ian",2008,197,eng,grammar
szp,Inanwatan,https://drive.google.com/file/d/1waftdvgGRWDWHkPyXsbsIOX5W0R4Ehfw/view?usp=sharing,,de Vries 1996: 49,1,39-40 (error in Grambank?),No dominant order,52-53,de2004short,"A short grammar of Inanwatan: an endangered language of the Bird's head of Papua, Indonesia",South Bird's Head,,Inanwatan,Papunesia,"de Vries, Lourens J.",2004,168,eng,grammar_sketch
tmu,Iau,https://drive.google.com/file/d/1VGGPp-rf19OFtF3doCx9nH9JsppKVVJv/view?usp=sharing,,,0,38-39,No dominant order,92,bateman2003grammatical,Grammatical Overview of Iau Revision 3,Lakes Plain,,Central Tariku,Papunesia,"Bateman, Janet",2021,136,eng,grammar_sketch
yuj,Karkar-Yuri,https://drive.google.com/file/d/12nwfWCqmWzWFRLFZ1JbYT9JwpBHnU6BL/view?usp=sharing,,,0,116 (error in Grambank?),SOV,"92, 94",rigden1978karkar,Karkar Grammar Essentials,Pauwasi,,Eastern Pauwasi,Papunesia,"Rigden, Veda",no date,132,eng,grammar_sketch
yle,Yelî Dnye,https://drive.google.com/file/d/1hzjmm7BrpfvoX2OppVubDl2aq86EU5Sm/view?usp=sharing,,,1,55-57,SOV,14,henderson1995phonology,"Phonology and Grammar of Yele, Papua New Guinea",Yele,,Yele,Papunesia,"Henderson, James",1995,118,eng,grammar_sketch
set,Sentani,https://drive.google.com/file/d/1DsX4Qyb8R203YewiPEE460KPSA-Kdcx_/view?usp=sharing,,,1,53,SOV,47-48,mayer2021grammar,A grammar sketch of Sentani,Sentanic,,Sentanic,Papunesia,"Mayer, Clemens J.",2021,105,eng,grammar_sketch
akc,Mpur,https://drive.google.com/file/d/1MQjqhBgyEaZkOcz-4T01u2vpHd9llkGJ/view?usp=sharing,,Odé 2002: 67,0,79,SVO,"47, 54",ode2002sketch,A Sketch of Mpur,Mpur,,Mpur,Papunesia,"Odé, Cecilia",2002,63,eng,grammar_sketch
nux,Mehek,https://drive.google.com/file/d/1toXdHD2qOLfi0FpOG_N325q4Zs7PVI--/view?usp=sharing,,,0,319-331,SOV,Abstract,hatfield2016grammar,A grammar of Mehek,Sepik,,Tama Sepik,Papunesia,"Hatfield, Adam",2016,644,eng,grammar
abz,Abui,https://drive.google.com/file/d/1K2BHkl_IqCv6-eZRAoTiBb7irDtpJgB3/view?usp=sharing,,,0,276-278,SOV,"11, 18",kratochvil2007grammar,A Grammar of Abui: A Papuan Language of Alor,Greater West Bomberai,Timor-Alor-Pantar,Alor-Pantar,Papunesia,"Kratochvíl, František",2007,560,eng,grammar
aah,Arapesh (Abu),https://drive.google.com/file/d/1XkhvK0OnRf3mWMQf_xcMIUaaDXoVEoCb/view?usp=sharing,,https://wals.info/refdb/record/Nekitel-1985: 99,0,101,SVO,94,nekitel1985sociolinguistic,"Sociolinguistic Aspects of Abu', a Papuan Language of the Sepik Area, Papua New Guinea",Torricelli,,Kombio-Arapesh,Papunesia,"Nekitel, Otto",1985,314,eng,grammar
kpr,Korafe,https://drive.google.com/file/d/1UJBBqoWAdm5hdnSj4ZqLprUB5xoEMvWw/view?usp=sharing,,,1,137,SOV,15,farr1999interface,The interface between syntax and discourse in Korafe: a Papuan language of Papua New Guinea,Trans-New Guinea,Greater Binanderean,Binanderean,Papunesia,"Farr, Cynthia J. M.",1996,671,eng,grammar
amp,Alamblak,https://drive.google.com/file/d/1vb97In3cdsGUquJmNm1wnOhslEHAnsA5/view?usp=sharing,Interrogative intonation only,"Bruce 1984: 71-72, 188",1,,SOV,"3, 293",bruce1979grammar,A Grammar of Alamblak (Papua New Guinea),Sepik,,Sepik Hill,Papunesia,"Bruce and Jr. and P., Leslie",1979,572,eng,grammar
ksi,I'saka,https://drive.google.com/file/d/1pBe1rCIvsSoIG01c-gYfTWdt6AF0651w/view?usp=sharing,,,0,82,SOV,85,donohue2004saka,I'saka: a sketch grammar of a language of north-central New Guinea,Skou,,Krisa,Papunesia,"Donohue, Mark and San Roque, Lila",2004,148,eng,grammar
uri,Urim,https://drive.google.com/file/d/1uH1S_M6E6l1lzY79rENlrZpH8_DgSGSH/view?usp=sharing,,,0,75-77,SVO,169,hemmila1987urim,Urim grammar,Torricelli,,Urim,Papunesia,"Hemmilä, Ritva and Luoma, Pirkko",1987,267,eng,grammar
aau,Abau,https://drive.google.com/file/d/1j1c1yDDGrA7z-RLCPN_ETThEYcBX_8pq/view?usp=sharing,,,0,238-241,SOV,201,lock2011abau,Abau grammar,Sepik,,Abau,Papunesia,"Lock, Arnold",2011,495,eng,grammar
cha,Chamorro,https://drive.google.com/file/d/1OwhoTk_dMh6fRk603EPfqlNQ5OPnUO_d/view?usp=sharing,,https://wals.info/refdb/record/Topping-1973: 155,0,371-375,VSO,61,chung2020chamorro,Chamorro grammar,Austronesian,,Chamorro,Papunesia,"Chung, Sandra",2020,754,eng,grammar
kmn,Awtuw,https://drive.google.com/file/d/1G6MeAkTiSJOXjKs0CqwtWNT2OFK-INj3/view?usp=sharing,,Feldman 1986: 142-143,1,57,SOV,87,feldman1986grammar,A grammar of Awtuw,Sepik,,Ram,Papunesia,"Feldman, Harry",1983,395,eng,grammar
mpt,Mian,https://drive.google.com/file/d/1Q1CAn4f4cBKdOJFLCq-g3Q0RYwSYUGeX/view?usp=sharing,,Fedden 2007: 347,1,158,SOV,"9, 331, 363",fedden2011grammar,A Grammar of Mian,Trans-New Guinea,Awyu-Ok,Ok,Papunesia,"Fedden, Sebastian Olcher",2011,629,eng,grammar
cao,Chácobo,https://drive.google.com/file/d/1SHWPrEgifmGkj2GHo3wVXCmhGYgcnKdf/view?usp=sharing,,Prost 1967: 313-314,1,217,No dominant order,"313, 523",tallman2018grammar,"A Grammar of Chácobo, a southern Pano language of the northern Bolivian Amazon",Pano-Tacanan,,Panoan,South America,"Tallman, Adam J. R.",2018,1422,eng,grammar
jup,Hup,https://drive.google.com/file/d/1m1xV7wPLPURALgVngZitrSqB-R7p3ZK7/view?usp=sharing,Interrogative word order,Epps 2008: 784,1,874-876,SOV,905,epps2005grammar,A Grammar of Hup,Nadahup,,Nadahup,South America,"Epps, Patience",2005,1134,eng,grammar
xwa,Kwaza,https://drive.google.com/file/d/1iyW2iMgvwqrGsSm0BttUO1faha4hi3-E/view?usp=sharing,Interrogative verb morphology,van der Voort 2004: 297,1,519,No dominant order,91,voort2004grammar,A Grammar of Kwaza,Kwaza,,Kwaza,South America,"van der Voort, Hein",2004,1064,eng,grammar
hub,Huambisa,https://drive.google.com/file/d/1k_TCVM0_p7MdaFkdUOUnUWYdPEkjeZ4k/view?usp=sharing,,,1,637,SOV,711,pena2015grammar,A grammar of Wampis,Jivaroan,,Jivaroan,South America,"Peña, Jaime G.",2015,971,eng,grammar
cod,Cocama,https://drive.google.com/file/d/1qM9S9SbGcCI5EEgTQBwOYsADs43E6tjz/view?usp=sharing,,"https://wals.info/refdb/record/Faust-1972: 21

",0,"171-172, 530-535",No dominant order,"44, 342",vallejos2010grammar,A grammar of Kokama-Kokamilla,Tupian,,Maweti-Guarani,South America,"Vallejos Yopán, Rosa",2010,947,eng,grammar
tri,Tiriyo,https://drive.google.com/file/d/1LXJsCx2rbcaf0O7c7id5c-NkeNuXuJzy/view?usp=sharing,Interrogative intonation only,Meira 1999: 560,0,558-559 (error in Grambank?),OVS,582,meira1999grammar,A Grammar of Tiriyó,Cariban,,Cariban,South America,"Meira, Sérgio",1999,726,eng,grammar
tca,Ticuna,https://drive.google.com/file/d/1LNXR8nNoiXEMKGwteNk_6W-MJAk6HKCt/view?usp=sharing,,,0,519-522 (error in Grambank?),No dominant order,51,bertet2020aspects,"Aspects of Tikuna grammar (San Martín de Amacayacu variety, Colombia): Phonology, nominal phrase, predicative phrase",Ticuna,,Ticuna,South America,"Bertet, Denis",2020,668,eng,grammar
huu,Huitoto (Murui),https://drive.google.com/file/d/1psYY8c3RjvhCGPrvSOQov5ZTISN6AZvV/view?usp=sharing,,,1,429,SOV,312,wojtylak2020grammar,A Grammar of Murui (Bue): A Witotoan language of Northwest Amazonia,Witotoan,,Witoto,South America,"Wojtylak, Katarzyna I.",2017,637,eng,grammar
iqu,Iquito,https://drive.google.com/file/d/1fuATauui21z5eP2c6wsQ55CFkCBEfz3B/view?usp=sharing,,,0,51-61,SVO,45-46,lai2009time,Time in the Iquito Language,Zaparoan,,Zaparoan,South America,"Lai, I-Wen",2009,629,eng,grammar
mzp,Movima,https://drive.google.com/file/d/1Jq6duooLj996tRmtgD-44KEVp2UnHxwB/view?usp=sharing,Interrogative intonation only,Haude 2006: passim,0,316-317,No dominant order,258,haude2006grammar,A Grammar of Movima,Movima,,Movima,South America,"Haude, Katharina",2006,614,eng,grammar
boa,Bora,https://drive.google.com/file/d/1tMnE2zyi_6UX-54NXbEcb7XgmA4OfJzG/view?usp=sharing,,,1,326,No dominant order,Preface: xxvii,thiesen2012grammar,A Grammar of Bora with Special Attention to Tone,Boran,,Boran,South America,"Thiesen, Wesley and Weber, David",2012,583,eng,grammar
pav,Wari',https://drive.google.com/file/d/1gcJ5IJ2ql8tA-kxc1cqPXGVv1KxEDuGs/view?usp=sharing,Interrogative intonation only,Everett and Kern 1997: 13,1,"50, 168-173 (verb compound)",VOS,"7, 128",kern1997wari,Wari': the Pacaas Novos language of Western Brazil,Chapacura-Wanham,,Chapacura-Wanham,South America,"Everett, Daniel L. and Kern, Barbara",1997,530,eng,grammar
ayr,Aymara (Central),https://drive.google.com/file/d/1AS-Ldobi3LZRxi0W7ic1pJr8RQlT0nR-/view?usp=sharing,,"https://wals.info/refdb/record/Wexler-1967: 3, 37

",1,,SOV,61,wexler1967beginning,Beginning Aymara. A course for English speakers,Aymaran,,Aymaran,South America,"Wexler, Paul",1967,502,eng,grammar
tpy,Trumai,https://drive.google.com/file/d/1uvOvxEEupMJRISeaPSPXZH1TsTSwGyR0/view?usp=sharing,,,0,232-236,No dominant order,228-229,guirardello1999reference,A Reference Grammar of Trumai,Trumai,,Trumai,South America,"Guirardello, Raquel",1999,475,eng,grammar
apn,Apinayé,https://drive.google.com/file/d/1MAJLrX4ypOEJlC9ibtIehc9QhEEByG6H/view?usp=sharing,,"	Callow 1962: 102, 184",0,248-253,SOV,Abstract: v,de2005language,The Language of the Apinajé People of Central Brazil,Macro-Ge,Je,Je Setentrional,South America,"Cunha de Oliveira, Christiane",2005,445,eng,grammar
yad,Yagua,https://drive.google.com/file/d/1GefJr_BBJtGIhGBt91odDxb_7s9rXMOg/view?usp=sharing,,"https://wals.info/refdb/record/Payne-1990a: 69

",0,86-91,No dominant order,26,payne1985aspects,Aspects of the Grammar of Yagua: A Typological Perspective (Peru),Peba-Yaguan,,Peba-Yaguan,South America,"Payne, Doris Lander",1985,441,eng,grammar
cbv,Cacua,https://drive.google.com/file/d/1aVrg8Br1ZCxjJUqY-26u0kGxsLwivgz2/view?usp=sharing,,,1,"106, 249",SOV,305,bolanos2016grammar,A Grammar of Kakua,Cacua-Nukak,,Cacua-Nukak,South America,"Bolaños, Katherine",2016,415,eng,grammar
yuz,Yuracare,https://drive.google.com/file/d/1kGckF_ZvIr7rlsqcIAxv4IVlvDCwueOn/view?usp=sharing,,,0,286-290,No dominant order,"12, 93, 143",van2006grammar,A Grammar of Yurakaré,Yuracare,,Yuracare,South America,"van Gijn, Erik",2006,372,eng,grammar
kvn,Kuna,https://drive.google.com/file/d/13ymd3l6rvk5fV3g01Ul9Wki49wsqF8vE/view?usp=sharing,Interrogative intonation only,https://wals.info/refdb/record/Gianelli-2001: §7,1,206,SOV,19,forster2011paya,Paya Kuna: An introductory grammar,Chibchan,,Kuna,South America,"Forster, D. Keith",2011,331,eng,grammar
ure,Uru,https://drive.google.com/file/d/1rO6yncJI0ET-Qp-NsFH-sv_40nYxPpst/view?usp=sharing,,,0,262-265,SOV,"5, 139, 142, 276",hannss2008uchumataqu,Uchumataqu: The lost language of the Urus of Bolivia. A grammatical description of the language as documented between 1894 and 1952,Uru-Chipaya,,Uru-Chipaya,South America,"Hannß, Katja",2008,330,eng,grammar
kbh,Camsá,https://drive.google.com/file/d/15PAdXcDeFPuuS8VmSaa9OSZDti-IrkQ6/view?usp=sharing,,,1,222-223,No dominant order,27-29,o2018grammatical,A grammatical description of Kamsá: A language isolate of Colombia,Camsá,,Camsá,South America,"O'Brien, Colleen Alena",2018,278,eng,grammar
wba,Warao,https://drive.google.com/file/d/1MKmK83fwnXogowYIYyoRi0SVa5tU1i5R/view?usp=sharing,Interrogative verb morphology,https://wals.info/refdb/record/Romero-Figueroa-1997: 22; https://wals.info/refdb/record/de-Goeje-1930: 110,1,27,OSV,"8, 36",romero1997reference,A Reference Grammar of Warao,Warao,,Warao,South America,"Romero-Figeroa, Andrés",1997,141,eng,grammar
cui,Cuiba,https://drive.google.com/file/d/1LhPQ7hQnZ3qlqQvXzFfiwBwAfFWp2tus/view?usp=sharing,,,1,"14, 22",SOV,"11, 12",berg1973cuiva,The Cuiva language grammar,Guahiban,,Guahiban,South America,"Berg, Marie and Kerr, Isabel",1973,112,eng,grammar_sketch
apu,Apurinã,https://drive.google.com/file/d/18xvRB5r8kriGkD4VeGYCpjHZQnvPf26y/view?usp=sharing,Interrogative intonation only,https://wals.info/refdb/record/Facundes-2000: 540,1,530-533,SVO,53,facundes2000language,The Language of the Apurinã People of Brazil (Maipure/Arawak),Arawakan,,Purus,South America,"Facundes, Sidney da Silva",2000,705,eng,grammar
kbc,Kadiwéu,https://drive.google.com/file/d/1jVFUlZ1pSD0dSU06GaeeAqR7h431Jlfl/view?usp=sharing,,,1,46-47,No dominant order,64-66,sandalo1995grammar,A Grammar of Kadiweu,Guaicuruan,,Kadiwéu,South America,"Sandalo, Maria Filomena",1995,291,eng,grammar
kpj,Karajá,https://drive.google.com/file/d/1pkTiW2eYg0ezed3IuYrre40BOZPIMoAg/view?usp=sharing,,,1,62-63,SOV,41,ribeiro2012grammar,A grammar of Karajá,Macro-Ge,,Karajá,South America,"Ribeiro, Eduardo Rivail",2012,301,eng,grammar