ISO 639-3,Language,Filename,Link,Value,Reference,Genus,Family,Macroarea,Title,Author,Year,Pages,Type
dbl,Dyirbal,dixon1972dyirbal,https://drive.google.com/file/d/1R0Nv2ygJNFYd-j4zyg2mSOvYNoX8CJEe/view?usp=sharing,6-7 cases,"42-53, 56-58, 105-110, 221, 236-239, 243-246",Northern Pama-Nyungan,Pama-Nyungan,Australia,The Dyirbal Language of North Queensland,"Dixon, Robert M. W.",1972,444,grammar
gni,Gooniyandi,mcgregor1990functional,https://drive.google.com/file/d/1pas2w8rIvq2d2s-AIVAdv2cKPchLfJ-C/view?usp=sharing,10 or more cases,"170-188, 276-284",Bunuban,Bunuban,Australia,A Functional Grammar of Gooniyandi,"McGregor, William",1990,618,grammar
gyd,Kayardild,evans1995grammar,https://drive.google.com/file/d/1FfjewyxlT9Pe6PVkKKJOzchJz2eMSmWy/view?usp=sharing,10 or more cases,"101-121, 123-183, 201-206, 398-423",Tangkic,Tangkic,Australia,A Grammar of Kayardild. With Historical-Comparative Notes on Tangkic.,"Evans, Nicholas",1995,861,grammar
mpb,Malakmalak,birk1976malakmalak,https://drive.google.com/file/d/1yJd5MK1xCjmk4dG86a8YTRorJNodF_5_/view?usp=sharing,6-7 cases,"25-26, 30-31, 45, 106-117",Northern Daly,Northern Daly,Australia,"The Malakmalak Language, Daly River (Western Arnhem Land)","Birk, D. B. W.",1976,191,grammar
mpc,Mangarrayi,merlan1982mangarayi,https://drive.google.com/file/d/1gJVg4ielUMFM-euUTQqamD8nTvBQ1dv-/view?usp=sharing,8-9 cases,"55-59, 100-102",Mangarrayi,Mangarrayi-Maran,Australia,Mangarayi,"Merlan, Francesca C.",1982,258,grammar
zmr,Maranungku,tryon1970introduction,https://drive.google.com/file/d/1hQ_TfjPG3cJadu3PZCohpVz1H31sljCE/view?usp=sharing,Exclusively borderline case-marking,"14-17, 48-49, 52-53, 62-73",Wagaydy,Western Daly,Australia,An Introduction to Maranungku,"Tryon, Darrell T.",1970,119,grammar
tiw,Tiwi,osborne1974tiwi,https://drive.google.com/file/d/1B54HvfPti8kgTaxYC9MT-Q18hHP1w4d6/view?usp=sharing,No morphological case-marking,"51, 76",Tiwian,Tiwian,Australia,The Tiwi Language,"Osborne, C. R.",1974,170,grammar
ung,Ungarinjin,rumsey1982intra,https://drive.google.com/file/d/1Ee5BjPwcgiKJgU0HN-npbvEJSMQcx9QL/view?usp=sharing,8-9 cases,"31, 51-53, 60-74",Worrorran,Worrorran,Australia,"An Intra-Sentence Grammar of Ungarinjin, North-Western Australia","Rumsey, A.",1982,191,grammar
wmb,Wambaya,nordlinger1998grammar,https://drive.google.com/file/d/14eu00HqiKZAQh-YKJ6aPcaq2sXHSk2ZB/view?usp=sharing,8-9 cases,"80-102, 107-115, 120-122, 125-130",Wambayan,Mirndi,Australia,"A Grammar of Wambaya, Northern Territory (Australia)","Nordlinger, Rachel",1998,336,grammar
amh,Amharic,leslau1995reference,https://drive.google.com/file/d/1UIyHxlpWkvCR6M3swzlla-BCH2MttnKZ/view?usp=sharing,2 cases,"48, 181-190",Semitic,Afro-Asiatic,Africa,Reference Grammar of Amharic,"Leslau, Wolf",1995,46,grammar
bej,Beja,hudson1974structural,https://drive.google.com/file/d/1ZnaG_gpGG8Ds7gsP6DyFeD9OcA-3TuUN/view?usp=sharing,2 cases,"119-121, 123-126",Beja,Afro-Asiatic,Africa,A structural sketch of Beja,"Hudson, Richard A.",1974,32,grammar_sketch
tzm,Berber (Middle Atlas),penchoen1973tamazight,https://drive.google.com/file/d/1uiHG96Frv3qJ2c1tNDehcfmzew1_QYCc/view?usp=sharing,2 cases,"19-20, 22-23, 25-27",Berber,Afro-Asiatic,Africa,Tamazight of the Ayt Ndhir,"Penchoen, Thomas G.",1973,127,grammar
dyo,Diola-Fogny,sapir1965grammar,https://drive.google.com/file/d/1706EeGayxG8ixgWw6H64Jb2EAPZf--p_/view?usp=sharing,No morphological case-marking,passim,Jola,Niger-Congo,Africa,A Grammar of Diola-Fogny,"Sapir, J. David",1965,146,grammar
bcq,Gimira,breeze1990sketch,https://drive.google.com/file/d/1JlcjMTbW_592mjq4Raeh1oEXLSMnGTW4/view?usp=sharing,6-7 cases,"11-14, 38, 40-42",Ta-Ne-Omotic,Afro-Asiatic,Africa,A Sketch of the Phonology and Grammar of Gimira (Benchnon),"Breeze, Mary J.",1990,67,grammar_sketch
grj,Grebo,innes1966introduction,https://drive.google.com/file/d/1PAPCgMCanlf3-DZe0aY7cZD27PdyCkcC/view?usp=sharing,No morphological case-marking,50-53,Kru,Niger-Congo,Africa,An Introduction to Grebo,"Innes, Gordon",1966,160,grammar
ibo,Igbo,green1963descriptive,https://drive.google.com/file/d/1f_Hci2LxWk36FgZfNJiwIJz3TT6FWPdT/view?usp=sharing,No morphological case-marking,"20-26, 32-36",Igboid,Niger-Congo,Africa,A Descriptive Grammar of Igbo,"Green, M. M. and Igwe, G. E.",1963,248,grammar
irk,Iraqw,mous1993grammar,https://drive.google.com/file/d/1RDWycWr-daz_xOffrd-xlNSMcnR3pnKH/view?usp=sharing,Exclusively borderline case-marking,"83, 94-114, 126-127, 152-154",Southern Cushitic,Afro-Asiatic,Africa,A Grammar of Iraqw,"Mous, Maarten",1993,379,grammar
kin,Kinyarwanda,kimenyi1980relational,https://drive.google.com/file/d/1auQwXfU-H9LG7uaKnUgRPgmHPIRTc4eK/view?usp=sharing,No morphological case-marking,173-174,Bantu,Niger-Congo,Africa,A Relational Grammar of Kinyarwanda,"Kimenyi, Alexandre",1980,263,grammar
kfz,Koromfe,rennison1997koromfe,https://drive.google.com/file/d/1EQdbti-38Uvw7TmRYhfsub1sKuXB0-PE/view?usp=sharing,No morphological case-marking,"244-246, 250, 294-297",Koromfe,Niger-Congo,Africa,Koromfe,"Rennison, John R.",1997,575,grammar
laj,Lango,noonan1992grammar,https://drive.google.com/file/d/13-wvptynq-7-TFOj7mH83Qe6-6oTxHQe/view?usp=sharing,No morphological case-marking,passim,Western Nilotic,Eastern Sudanic,Africa,A Grammar of Lango,"Noonan, Michael",1992,368,grammar
mur,Murle,arensen1982murle,https://drive.google.com/file/d/1nQOo5avwole86emG3LTV3kDllTqg8dKm/view?usp=sharing,4 cases,"48-58, 89-98, 102-104",South Surmic,Eastern Sudanic,Africa,Murle grammar,"Arensen, Jonathan E.",1982,157,grammar
naq,Nama,hagman1977nama,https://drive.google.com/file/d/1f6ubjYLig9xqMxf6LvPClRTJZtsUFi9N/view?usp=sharing,2 cases,"36-37, 41-45, 56-59, 75-76, 99-103, 105, 109, 139-140, 145",Khoe-Kwadi,Khoe-Kwadi,Africa,Nama Hottentot Grammar,"Hagman, Roy Stephen",1977,315,grammar
niy,Ngiti,kutsch1994ngiti,https://drive.google.com/file/d/1O7oa2FrXA3LUAnN3UHcWDOwwFzXP1-On/view?usp=sharing,No morphological case-marking,"190-216, 303-308, 322-325",Lendu,Central Sudanic,Africa,Ngiti: a Central Sudanic Language of Zaire,"Kutsch Lojenga, Constance",1994,531,grammar
hae,Oromo (Harar),owens1985grammar,https://drive.google.com/file/d/1cF06WY21GcrKZIxiQWT9JgU7xuDbicFH/view?usp=sharing,6-7 cases,98-121,Lowland East Cushitic,Afro-Asiatic,Africa,A Grammar of Harar Oromo (Northeastern Ethiopia),"Owens, Jonathan",1985,282,grammar
sag,Sango,samarin1967grammar,https://drive.google.com/file/d/1FBb-d1OMxrb4Se531Rop7gq8dANgSywd/view?usp=sharing,No morphological case-marking,passim,Ubangi,Niger-Congo,Africa,A Grammar of Sango,"Samarin, William J.",1967,355,grammar
spp,Supyire,carlson1994grammar,https://drive.google.com/file/d/1Aic_L0Di8bCPdZ5LXbaJ2d5h45ISZJXB/view?usp=sharing,Exclusively borderline case-marking,"151-154, 178-181, 274-278",Senufo,Niger-Congo,Africa,A Grammar of Supyire,"Carlson, Robert",1994,785,grammar
tuv,Turkana,dimmendaal1982turkana,https://drive.google.com/file/d/12SZoF0UXPqShbNEvEp1hca2LKxOHjIDI/view?usp=sharing,6-7 cases,"65-67, 215-217, 259-269",Eastern Nilotic,Eastern Sudanic,Africa,The Turkana Language,"Dimmendaal, Gerrit Jan",1982,510,grammar
yor,Yoruba,awobuluyi1978essentials,https://drive.google.com/file/d/11eZIVTnu9sqe62po9Kz-b7WcEuUwhF2j/view?usp=sharing,No morphological case-marking,"12, 22-25, 39",Defoid,Niger-Congo,Africa,Essentials of Yoruba Grammar,"Awobuluyi, A. Oladele",1978,173,grammar
mcs,Mambai,anonby2008phonology,https://drive.google.com/file/d/1SCeaNl63qC_-YJ698-IVRq1-qCpq3f2x/view?usp=sharing,No morphological case-marking,passim,Mbumic,Niger-Congo,Africa,"Phonology and Morphology of Mambay (Niger-Congo, Adamawa)","Anonby, Erik John",2008,592,grammar
djm,Jamsay,heath2008grammar,https://drive.google.com/file/d/1pRkwPStJ4pdNQGfSEatiBflGVRfah74o/view?usp=sharing,No morphological case-marking,passim,Dogon,Dogon,Africa,A grammar of Jamsay,"Heath, Jeffrey",2008,755,grammar
ikx,Ik,schrock2014grammar,https://drive.google.com/file/d/1AkpZsdtnrtid2ns4RlU5YE00avjOcw5l/view?usp=sharing,8-9 cases,233,Kuliak,Eastern Sudanic,Africa,A grammar of Ik (Icé-tód): Northeast Uganda's last thriving Kuliak language,"Schrock, Terrill",2014,747,grammar
ema,Emai,schaefer2017grammar,https://drive.google.com/file/d/1gD8V5TVfQiWQiy1AosJJzccLyQBB_cd6/view?usp=sharing,No morphological case-marking,21-25,Edoid,Niger-Congo,Africa,A grammar of Emai,"Schaefer, Ronald P. and Egbokhare, Oisaghaede Francis",2017,1019,grammar
nyi,Nyimang,stevenson1938grammar,https://drive.google.com/file/d/1xrFAq0RAY0xIRNl0vv-xgCipxLYqTuFY/view?usp=sharing,6-7 cases,26-31,Nyimang,Eastern Sudanic,Africa,A grammar of the Nyimang language (Nuba Mountains),"Stevenson, Roland C.",1938,195,grammar
mhi,Ma'di,blackings2003grammar,https://drive.google.com/file/d/1SvGqvQckCeiIAm4UESK--fogNIyB-_0d/view?usp=sharing,No morphological case-marking,passim,Moru-Ma'di,Central Sudanic,Africa,A Grammar of Ma'di,"Blackings, Mairi and Fabb, Nigel",2003,750,grammar
sif,Seme,toews2015topics,https://drive.google.com/file/d/1o0i_fFl5AFo4h3ytj_5wH1cn7kKiH_U8/view?usp=sharing,No morphological case-marking,passim,Siamou,Siamou,Africa,Topics in Siamou tense and aspect,"Toews, Carmela I. P.",2015,432,grammar
khq,Koyra Chiini,heath1999grammar,https://drive.google.com/file/d/1eU9O_IRCJtDDTSnAghvIYY_vqkiv4GJl/view?usp=sharing,No morphological case-marking,103-110,Songhay,Songhay,Africa,A Grammar of Koyra Chiini: The Songhay of Timbuktu,"Heath, Jeffrey",1999,467,grammar
sid,Sidaama,kawachi2007grammar,https://drive.google.com/file/d/1oGPwNBQdboriXhY29vMOYE0cEj7hgdR_/view?usp=sharing,6-7 cases,352-353,Highland East Cushitic,Afro-Asiatic,Africa,A Grammar of Sidaama (Sidaamo): A Cushitic Language of Ethiopia,"Kawachi, Kazuhiro",2007,842,grammar
kun,Kunama,bender1996kunama,https://drive.google.com/file/d/1DKNd-xfE10EiuSuAWVuD3bJNTQqyjh8x/view?usp=sharing,6-7 cases,"13-15, 17-18",Kunama,Kunama,Africa,Kunama,"Bender, M. Lionel",1996,54,grammar_sketch
amp,Alamblak,bruce1984alamblak,https://drive.google.com/file/d/13sIWsREFCvtYbJfbp6oPisg1wJD4KSwj/view?usp=sharing,8-9 cases,"74, 115-117, 195-207",Sepik Hill,Sepik,Papunesia,The Alamblak Language of Papua New Guinea (East Sepik),"Bruce, Les",1984,365,grammar
aey,Amele,roberts1987amele,https://drive.google.com/file/d/1xdblZDbHEAXj0lx_kZmEYRtJ3r0p3jiv/view?usp=sharing,No morphological case-marking,160-161,Mabuso,Trans-New Guinea,Papunesia,Amele,"Roberts, John R.",1987,393,grammar
ape,Arapesh (Mountain),conrad1991outline,https://drive.google.com/file/d/1BDclqVfeyDdqnj-_w04rT9-XsIVvzWes/view?usp=sharing,No morphological case-marking,"3, 15-17",Kombio-Arapesh,Torricelli,Papunesia,An Outline of Bukiyip Grammar,"Conrad, Robert J. and Wogiga, Kepas",1991,307,grammar
cns,Asmat,voorhoeve1965flamingo,https://drive.google.com/file/d/1Sh2V1v-yhf2lul_yvFpp5rSw3X8jo_b9/view?usp=sharing,No morphological case-marking,156,Asmat-Kamrau Bay,Asmat-Kamrau Bay,Papunesia,The Flamingo Bay Dialect of the Asmat Language,"Voorhoeve, Clemens L.",1965,367,"grammar, text"
btx,Batak (Karo),woollams1996grammar,https://drive.google.com/file/d/1Xat3q8E3ysuIAiC69TlypsmjYvV4IecA/view?usp=sharing,No morphological case-marking,passim,Northwest Sumatra-Barrier Islands,Austronesian,Papunesia,"A Grammar of Karo Batak, Sumatra","Woollams, Geoffrey",1996,361,grammar
cha,Chamorro,topping1973chamorro,https://drive.google.com/file/d/1BgdYqJI3H9EvDFUO76exDIv1BzgbWuno/view?usp=sharing,No morphological case-marking,"106-111, 130-136, 203-207, 243-254",Chamorro,Austronesian,Papunesia,Chamorro Reference Grammar,"Topping, Donald M. (with the assistance of Bernadita C. Dungca)",1973,313,grammar
dgz,Daga,murane1974daga,https://drive.google.com/file/d/1IavBxrlD-sempg3_mHDsmBpEV-ZzqgdO/view?usp=sharing,Exclusively borderline case-marking,"15-16, 18-19, 34-35, 108-112",Dagan,Trans-New Guinea,Papunesia,Daga Grammar: From Morpheme to Discourse,"Murane, Elizabeth",1974,459,grammar
dni,Dani (Lower Grand Valley),bromley1981grammar,https://drive.google.com/file/d/1VAgzM4-j4sarbBVK8CTWGG7IPX0Zyvch/view?usp=sharing,6-7 cases,78-88,Dani,Trans-New Guinea,Papunesia,A Grammar of Lower Grand Valley Dani,"Bromley, H. Myron",1981,438,grammar
hmt,Hamtai,oates1968kapau,https://drive.google.com/file/d/1EIUL95mNS_eKPwK0vSyrJtalw0eTjCtJ/view?usp=sharing,10 or more cases,"17, 19-20, 46-47, 59, 66-67, 70",Nuclear Angan,Trans-New Guinea,Papunesia,Kapau Pedagogical Grammar,"Oates, William J. and Oates, Lynette F.",1968,183,grammar
ygr,Hua,haiman1980hua,https://drive.google.com/file/d/1aCRAkg8gghWuhfs5iN5vco64LHhBikRN/view?usp=sharing,8-9 cases,"215-216, 227-248, 271, 276-278",Siane-Yagaria,Trans-New Guinea,Papunesia,Hua: A Papuan Language of the Eastern Highlands of New Guinea,"Haiman, John",1980,602,grammar
ilo,Ilocano,rubino2000ilocano,https://drive.google.com/file/d/1Pw6kVIFCoMMIPMkY006odVG21F6cgXfs/view?usp=sharing,No morphological case-marking,"XLI-XLV, LII-LIV",Northern Luzon,Austronesian,Papunesia,Ilocano Dictionary and Grammar,"Rubino, Carl",2000,775,"dictionary, grammar"
imn,Imonda,seiler1985imonda,https://drive.google.com/file/d/1mps6X4hA8jjTI_qv8DGFacHwtz6wOJ4H/view?usp=sharing,5 cases,"70-74, 139-143, 161-168",Border,Border,Papunesia,"Imonda, a Papuan Language","Seiler, Walter",1985,241,grammar
tay,Atayal,rau1992grammar,https://drive.google.com/file/d/1-qYRtBMLzm7grp4KQGjwW8Js0VaIn6MY/view?usp=sharing,No morphological case-marking,"144-145,148-149",Atayalic,Austronesian,Papunesia,A Grammar of Atayal,"Rau, Der-Hwa Victoria",1992,302,grammar
kew,Kewa,franklin1971grammar,https://drive.google.com/file/d/1h3oRQnRPeRJ5hF0Cv6Rh7PvcT6EbhG9O/view?usp=sharing,6-7 cases,"62-69, 86-90, 94-95",Enga_Kewa-Huli,Trans-New Guinea,Papunesia,"A Grammar of Kewa, New Guinea","Franklin, Karl James",1971,147,grammar
kpw,Kobon,davies1981kobon,https://drive.google.com/file/d/1faXw503ErQQU3dV8hyx7OkT_RCzLfdxZ/view?usp=sharing,No morphological case-marking,"154, 159",Kalam-Kobon,Trans-New Guinea,Papunesia,Kobon,"Davies, John",1981,245,grammar
"tyn, wng",Kombai,de1993forms,https://drive.google.com/file/d/1YvUKVakKI74w1EdOgii3jnCIrmNNO3gl/view?usp=sharing,No morphological case-marking,"3, 34-35",Ndeiram,Trans-New Guinea,Papunesia,"Forms and Functions in Kombai, an Awyu Language of Irian Jaya","de Vries, Lourens",1993,139,grammar
lvk,Lavukaleve,terrill1999grammar,https://drive.google.com/file/d/18kKHnDlHl6LX1HFnnWw71SAc8uu_t_nO/view?usp=sharing,No morphological case-marking,147-152,Lavukaleve,Solomons East Papuan,Papunesia,A Grammar of Lavukaleve: A Papuan Language of the Solomon Islands,"Terrill, Angela",1999,494,grammar
mad,Madurese,davies2010grammar,https://drive.google.com/file/d/1zoNBWdCXSsEzIWvjxeJe541SJseP5X5L/view?usp=sharing,No morphological case-marking,83,Malayo-Sumbawan,Austronesian,Papunesia,A grammar of Madurese,"Davies, William D.",2010,603,grammar
mkj,Mokilese,harrison1976mokilese,https://drive.google.com/file/d/1bZyMoY09cJKeWS5JiAnfa1_MbKwRtWgk/view?usp=sharing,No morphological case-marking,passim,Oceanic,Austronesian,Papunesia,Mokilese reference grammar,"Harrison, Sheldon R.",1976,366,grammar
pau,Palauan,josephs1975palauan,https://drive.google.com/file/d/1jB9XYZNdsG8n2x3sFnt109V77YkWjuHd/view?usp=sharing,No morphological case-marking,"46-51, 79-85, 88-91, 94-97, 276-298",Palauan,Austronesian,Papunesia,Palauan Reference Grammar,"Josephs, Lewis S.",1975,538,grammar
set,Sentani,cowan1965grammar,https://drive.google.com/file/d/15vZkz3KBHjlMyNHEOPqc4HpcW3HKIIob/view?usp=sharing,No morphological case-marking,"15-17, 54-55",Sentanic,Sentanic,Papunesia,Grammar of the Sentani Language. With specimen texts and vocabulary,"Cowan, H. K. J.",1965,95,grammar_sketch
sue,Suena,wilson1974suena,https://drive.google.com/file/d/1604UvrEh6GRazoR_dB2j_fh10BSxo9OV/view?usp=sharing,4 cases,15-29,Binanderean,Trans-New Guinea,Papunesia,Suena Grammar,"Wilson, Darryl",1974,169,grammar
mky,Taba,bowden1997taba,https://drive.google.com/file/d/1m0mjDdY8Zq7h2dSIxXrvGJu98CzS5pEF/view?usp=sharing,No morphological case-marking,"130-132, 205-206, 215-217",South Halmahera - West New Guinea,Austronesian,Papunesia,Taba (Makian Dalam): Description of an Austronesian language from Eastern Indonesia,"Bowden, John",1997,542,grammar
tgl,Tagalog,schachter1972tagalog,https://drive.google.com/file/d/1Rylsd9x2leCisd085CL9uLIGxf4cv8cL/view?usp=sharing,No morphological case-marking,"59-85, 88-93",Greater Central Philippine,Austronesian,Papunesia,Tagalog Reference Grammar,"Schachter, Paul and Otanes, Fé T.",1972,576,grammar
"bhq, khc",Tukang Besi,donohue1999grammar,https://drive.google.com/file/d/15UsmK3_tGKzryclam2jJ7haBVYyLVwOp/view?usp=sharing,No morphological case-marking,"56-58, 63-67, 111-112, 320-332, 338-341",Celebic,Austronesian,Papunesia,A Grammar of Tukang Besi,"Donohue, Mark",1999,602,grammar
mtg,Una,louwerse1988morphosyntax,https://drive.google.com/file/d/1iLe4SaF30kT80Zh4ZEnlGTvFI--NRuUR/view?usp=sharing,No morphological case-marking,106-114,Mek,Trans-New Guinea,Papunesia,The Morphosyntax of Una in Relation to Discourse Structure,"Louwerse, J.",1988,220,grammar
wnu,Usan,reesink1987structures,https://drive.google.com/file/d/1tJA8LpUnTULVSVSffuOt-M0mVQl85DN8/view?usp=sharing,Exclusively borderline case-marking,"52-57, 60, 76-77, 85-86, 108, 112-113, 154-159",North Adelbert,Trans-New Guinea,Papunesia,Structures and Their Functions in Usan: a Papuan Language of Papua New Guinea,"Reesink, Ger P.",1987,382,grammar
yee,Yimas,foley1991yimas,https://drive.google.com/file/d/14WonjelStAULxfYdgdowik6QVo1_3GsP/view?usp=sharing,Exclusively borderline case-marking,165-171,Lower Sepik,Ramu-Lower Sepik,Papunesia,The Yimas Language of Papua New Guinea,"Foley, William A.",1991,506,grammar
ahh,Aghu,van2016aghu,https://drive.google.com/file/d/1pUHVTxhGs8TNUiV7GYgxTAm-BcFngfMR/view?usp=sharing,No morphological case-marking,"175-176, 240-248",Awju,Trans-New Guinea,Papunesia,Aghu: annotated texts with grammatical introduction and vocabulary lists,"van den Heuvel, Wilco",2016,859,"dictionary, grammar, text"
mle,Manambu,aikhenvald2008manambu,https://drive.google.com/file/d/1QoUstosMcl_WjG302PDB5FCFXHWTocMt/view?usp=sharing,8-9 cases,"67-69,  144, 164-167",Ndu,Sepik,Papunesia,"The Manambu language of East Sepik, Papua New Guinea","Aikhenvald, Alexandra Y.",2008,727,grammar
duc,Duna,san2008introduction,https://drive.google.com/file/d/1SIKOsydgWJsOb4cnDKuLVu_BT6iw9fP4/view?usp=sharing,No morphological case-marking,105-109,Duna,Duna-Bogaya,Papunesia,An introduction to Duna grammar,"San Roque, Lila",2008,528,grammar
gpn,Taiap,kulick2019grammar,https://drive.google.com/file/d/1pahK9saun_55ZeslFX7QvPQHtw0A-ydn/view?usp=sharing,6-7 cases,"109-110, 121-122",Taiap,Taiap,Papunesia,A Grammar and Dictionary of Tayap: The Life and Death of a Papuan Language,"Kulick, Don and Terrill, Angela",2019,516,"dictionary, grammar"
mpt,Mian,fedden2011grammar,https://drive.google.com/file/d/1LAAZTFSrBELbfjiGG8Y36CvQoFzkYbg-/view?usp=sharing,No morphological case-marking,passim,Ok,Trans-New Guinea,Papunesia,A Grammar of Mian,"Fedden, Sebastian Olcher",2011,629,grammar
szp,Inanwatan,de2004short,https://drive.google.com/file/d/13AVRU_NBRIbeuDfTd2a_54LjgMfWJvpi/view?usp=sharing,No morphological case-marking,54,Inanwatan,South Bird's Head,Papunesia,"A short grammar of Inanwatan: an endangered language of the Bird's head of Papua, Indonesia","de Vries, Lourens J.",2004,168,grammar_sketch
abz,Abui,kratochvil2007grammar,https://drive.google.com/file/d/1a9Kz_LsW0Yi0If39WSr9aaf0kN5uQtio/view?usp=sharing,No morphological case-marking,passim,Alor-Pantar,Greater West Bomberai,Papunesia,A Grammar of Abui: A Papuan Language of Alor,"Kratochvíl, František",2007,560,grammar
kmn,Awtuw,feldman1986grammar,https://drive.google.com/file/d/1Q1b7QEOB8hbVSEPDdSegTqHhtdogW6aT/view?usp=sharing,5 cases,107-115,Ram,Sepik,Papunesia,A grammar of Awtuw,"Feldman, Harry",1983,395,grammar
akc,Mpur,ode2002sketch,https://drive.google.com/file/d/1s2G31gGp2QCodaBOLDNxvGT6syFUwELC/view?usp=sharing,No morphological case-marking,passim,Mpur,Mpur,Papunesia,A Sketch of Mpur,"Odé, Cecilia",2002,63,grammar_sketch
nux,Mehek,hatfield2016grammar,https://drive.google.com/file/d/1Fx3Uw3AnzzFQbqiDVBfYjZVV5vhPGBYR/view?usp=sharing,Exclusively borderline case-marking,"165-173, 246",Tama Sepik,Sepik,Papunesia,A grammar of Mehek,"Hatfield, Adam",2016,644,grammar
kgr,Abun,berry1999description,https://drive.google.com/file/d/1GlBPIjTIjuYGcb-O4cJEj3RcGWd26Mdm/view?usp=sharing,No morphological case-marking,48,Abun,Abun,Papunesia,A description of Abun: a West Papuan language of Irian Jaya,"Berry, Keith and Berry, Christine",1999,248,grammar
cku,Koasati,kimball1991koasati,https://drive.google.com/file/d/1h6VQWZ2z73P3CCNwkORiIraQ-yCAgd-p/view?usp=sharing,6-7 cases,"388-404, 417-430",Muskogean,Muskogean,North America,Koasati Grammar,"Kimball, Geoffrey",1991,666,grammar
mrc,Maricopa,gordon1986maricopa,https://drive.google.com/file/d/1sTvMCqKlAgnhe9W1VORBsqs_gHXKHsnJ/view?usp=sharing,6-7 cases,"36-51, 55-60",Yuman,Hokan,North America,Maricopa Morphology and Syntax,"Gordon, Lynn",1986,376,grammar
skd,Miwok (Southern Sierra),broadbent1964southern,https://drive.google.com/file/d/1wImdd150jKHS9pbB-E0jRSHrRwKQ1M8A/view?usp=sharing,6-7 cases,"49-54, 92-95",Miwok,Penutian,North America,The Southern Sierra Miwok Language,"Broadbent, Sylvia M.",1964,355,grammar
nez,Nez Perce,rude1985studies,https://drive.google.com/file/d/1-2JHwWToR7wNMpS2PHpjtj3X6gSLREPp/view?usp=sharing,10 or more cases,"82-120, 122-132 ; Aoki 1970 : 71-80",Sahaptian,Penutian,North America,Studies in Nez Perce Grammar and Discourse,"Rude, Noel E.",1985,319,grammar
one,Oneida,abbott2000oneida,https://drive.google.com/file/d/1iO8fmlCJM89belCvsh0QFdJ1DTshInWz/view?usp=sharing,No morphological case-marking,49-50,Northern Iroquoian,Iroquoian,North America,Oneida,"Abbott, Clifford",2000,65,grammar_sketch
pom,Pomo (Southeastern),moshinsky1974grammar,https://drive.google.com/file/d/1RpVlRxMmL5Dsnr9HJH3_XVnMVBoyrVmD/view?usp=sharing,6-7 cases,"94-96, 98-102",Pomoan,Hokan,North America,"Moshinsky, Julius",A Grammar of Southeastern Pomo,1974,157,grammar
den,Slave,rice1989grammar,https://drive.google.com/file/d/1_-e_TnWFsaIPwm4jJsOhAKafZspCsNbs/view?usp=sharing,No morphological case-marking,275-317,Athapaskan,Na-Dene,North America,A Grammar of Slave,"Rice, Keren",1989,1414,grammar
squ,Squamish,kuipers1967squamish,https://drive.google.com/file/d/139-AbOMbrd0H2Nn_QMrYH20h5D6clopp/view?usp=sharing,2 cases,"136-137, 142-143, 169-170",Central Salish,Salishan,North America,"The Squamish Language, Grammar, Texts, Dictionary","Kuipers, Aert H.",1967,506,"dictionary, grammar, text"
tun,Tunica,haas1940tunica,https://drive.google.com/file/d/1siCYaylRMoRWnHKAqR_50h0ppEwRMiom/view?usp=sharing,Exclusively borderline case-marking,"62-67, 126-128",Tunica,Tunica,North America,Tunica,"Haas, Mary R.",1940,143,grammar
was,Washo,jacobsen1964grammar,https://drive.google.com/file/d/1D9fkhimqa6Sk8PsUntzYAMKDRcGhiDeP/view?usp=sharing,Exclusively borderline case-marking,"405-407, 441-445, 502-503, 666",Washo,Washo,North America,A Grammar of the Washo Language,"Jacobsen, William",1964,701,grammar
wic,Wichita,rood1976wichita,https://drive.google.com/file/d/1lIZIdiwE7OPsKnhuO_lWGb4IYPDc2Knz/view?usp=sharing,Exclusively borderline case-marking,"3-4, 10",Northern Caddoan,Caddoan,North America,Wichita Grammar,"Rood, David S.",1976,329,grammar
wnw,Wintu,pitkin1984wintu,https://drive.google.com/file/d/175yz9s798PfW1_AVWHUgKejAUKYFlLSJ/view?usp=sharing,4 cases,"215-220, 253-258",Wintuan,Penutian,North America,Wintu Grammar,"Pitkin, Harvey",1984,323,grammar
kjq,Acoma,lachler2006grammar,https://drive.google.com/file/d/1QSVRYmYD_-6cowqmBAO2NnqTtOLXnZO0/view?usp=sharing,No morphological case-marking,passim,Keresan,Keresan,North America,A Grammar of Laguna Keres,"Lachler, Jordan",2006,312,grammar
ale,Aleut,bergsland1997aleut,https://drive.google.com/file/d/1kAAy2KaWgyFEonjb3zqi8karxXXHaqUV/view?usp=sharing,2 cases,"47-50, 54, 56-58, 67-82, 126-127, 130-133, 138-139, 149-161",Aleut,Eskimo-Aleut,North America,Aleut grammar = Unangam tunuganaan achixaasix,"Bergsland, Knut",1997,373,grammar
boi,Chumash (Barbareño),wash2001adverbial,https://drive.google.com/file/d/1f847THaPM-76iTqdmyqYq_E55anVOVd2/view?usp=sharing,No morphological case-marking,passim,Chumash,Chumash,North America,Adverbial Clauses in Barbareño Chumash Narrative Discourse,"Wash, Suzanne",2001,591,grammar_sketch
com,Comanche,charney1993grammar,https://drive.google.com/file/d/1h-k23ivHSW0fQvpxm9Qh7CG3tjz1TGnM/view?usp=sharing,3 cases,"48-49, 53-58, 72-90, 98-103",Northern Uto-Aztecan,Uto-Aztecan,North America,A Grammar of Comanche,"Charney, Jean Ormsbee",1993,283,grammar
kio,Kiowa,watkins1984grammar,https://drive.google.com/file/d/1oSIYVB1PkNJpQXTpAda_OhaYCGI66ZjQ/view?usp=sharing,Exclusively borderline case-marking,"100-101, 183-184, 186-192, 210-211",Kiowa-Tanoan,Kiowa-Tanoan,North America,A Grammar of Kiowa,"Watkins, Laurel J. (with the assistance of Parker McKenzie)",1984,268,grammar
esu,Yup'ik (Central),jacobson1995practical,https://drive.google.com/file/d/1wDemjV7nkok2sq_A6at9ELdJNs-BtHpQ/view?usp=sharing,6-7 cases,"29-33, 44-48, 58-59, 73-74, 93-94, 97-102, 138, 140-142, 219-221, 388-390, 469-471",Eskimo,Eskimo-Aleut,North America,A Practical Grammar of the Central Alaskan Yup’ik Eskimo Language,"Jacobson, Steven A.",1995,560,grammar
yur,Yurok,robins1958yurok,https://drive.google.com/file/d/10hRFb_IbHYxnZxgk9OEUe0lX9spUCqbi/view?usp=sharing,Exclusively borderline case-marking,"20-21, 23-25",Yurok,Algic,North America,"The Yurok Language, Grammar, Texts, Lexicon","Robins, R. H.",1958,314,grammar
zun,Zuni,newman1965zuni,https://drive.google.com/file/d/1Sswd5aRVSGe42m82jgNWvkGfPPP7l-M5/view?usp=sharing,No morphological case-marking,"59-61, 65-67",Zuni,Zuni,North America,Zuni Grammar,"Newman, Stanley",1965,77,grammar_sketch
col,Columbia-Wenatchi,willett2003grammatical,https://drive.google.com/file/d/1644rm1uRMxz2tw-cYZzcYArrduMlphc9/view?usp=sharing,No morphological case-marking,83,Interior Salish,Salishan,North America,A Grammatical Sketch of Nxa'amxcin (Moses-Columbia Salish),"Willett, Marie Louise",2003,476,grammar
tli,Tlingit,naish1979syntactic,https://drive.google.com/file/d/1vccqNySpyNWq3ONb0jQ2cnT-mZ-R4hpL/view?usp=sharing,8-9 cases,"29-34, 67-73, 108-109, 120-125",Tlingit,Na-Dene,North America,A syntactic study of Tlingit,"Naish, Constance M.",1979,176,grammar_sketch
pqm,Passamaquoddy-Maliseet,leavitt1996passamaquoddy,https://drive.google.com/file/d/1E85WnIzwlX9EvZ2AtTt_y8uXR1lNqeGQ/view?usp=sharing,Exclusively borderline case-marking,"6-7, 25, 27-31",Algonquian,Algic,North America,Passamaquoddy-Maliseet,"Leavitt, Robert M.",1996,61,grammar_sketch
tsi,Tsimshian (Coast),dunn1979reference,https://drive.google.com/file/d/1V3_hciUSdMweIhJLvnYXOFOyciOs8Mzn/view?usp=sharing,No morphological case-marking,59-67,Tsimshianic,Tsimshianic,North America,A Reference Grammar for the Coast Tsimshian Language,"Dunn, John Asher",1979,104,grammar_sketch
nhg,Nahuatl (Tetelcingo),tuggy1979tetelcingo,https://drive.google.com/file/d/1POWKGevAow-vwhiYTBV5yqOWlxal58tX/view?usp=sharing,No morphological case-marking,"51-53, 61-64",Aztecan,Uto-Aztecan,North America,Tetelcingo Nahuatl,"Tuggy, David H",1979,146,grammar_sketch
abk,Abkhaz,hewitt1979abkhaz,https://drive.google.com/file/d/1f7WQE3sYDcpyTbmfvZ39BZtSs9bhpJ4U/view?usp=sharing,2 cases,"101, 161",Northwest Caucasian,Northwest Caucasian,Eurasia,Abkhaz,"Hewitt, B. George",1979,288,grammar
hye,Armenian (Eastern),kozintseva1995modern,https://drive.google.com/file/d/13r13JSP79epgM4ExbCUL9DD4rql94jUn/view?usp=sharing,5 cases,"10, 13",Armenian,Indo-European,Eurasia,Modern Eastern Armenian,"Kozintseva, Natalia A.",1995,62,grammar_sketch
eus,Basque,hualde2003grammar,https://drive.google.com/file/d/140JB2h5nyBN2PAiIIsFg3B1rpKK1FPZz/view?usp=sharing,10 or more cases,171-173,Basque,Basque,Eurasia,A Grammar of Basque,"Hualde, José I. and de Urbina, Jon Ortiz",2003,976,grammar
cat,Catalan,wheeler1999catalan,https://drive.google.com/file/d/11hEQZ2zesNhD_mahOU0u4qIUvAjLavJD/view?usp=sharing,No morphological case-marking,160-164,Romance,Indo-European,Eurasia,Catalan: a Comprehensive Grammar,"Wheeler, Max and Yates, Alan and Dols, Nicolau",1999,654,grammar
fry,Frisian (Western),tiersma1985frisian,https://drive.google.com/file/d/1-ZWRnpdh9bVHjrpyEc-DigDsu-j04b4B/view?usp=sharing,No morphological case-marking,"54-55, 61-65",Germanic,Indo-European,Eurasia,Frisian Reference Grammar,"Tiersma, P. M.",1985,169,grammar
huz,Hunzib,van1995grammar,https://drive.google.com/file/d/1BZsnN8c1deUOhjVL_MUEdIT6-D5myAea/view?usp=sharing,10 or more cases,"41-52, 57, 60-64",Avar-Andic-Tsezic,Nakh-Daghestanian,Eurasia,A Grammar of Hunzib,"van den Berg, Helma",1995,382,grammar
eky,Kayah Li (Eastern),solnit1997eastern,https://drive.google.com/file/d/1ZU8z_RncdLii2bBv5KhXH_cIyimBscaL/view?usp=sharing,No morphological case-marking,passim,Karen,Sino-Tibetan,Eurasia,"Eastern Kayah Li: Grammar, Texts, Glossary","Solnit, David B.",1997,413,grammar
kca,Khanty,nikolaeva1999ostyak,https://drive.google.com/file/d/1-kd59UKs2yF6HJowZAA3Yq7rmX_s9jNu/view?usp=sharing,3 cases,"13-16, 36-37",Ugric,Uralic,Eurasia,Ostyak,"Nikolaeva, Irina",1999,106,grammar_sketch
kor,Korean,sohn1999korean,https://drive.google.com/file/d/1OmmjjpIh9B8momdC9igqUIJNLdSFDKoL/view?usp=sharing,6-7 cases,326-345,Korean,Korean,Eurasia,The Korean Language,"Sohn, Ho-Min",1999,462,grammar
lav,Latvian,mathiassen1997short,https://drive.google.com/file/d/1YWNTtT7jzsVOG-iQv0WT3h-2T4Ig7yBd/view?usp=sharing,5 cases,"41-51, 58, 65-73, 165-182",Baltic,Indo-European,Eurasia,A Short Grammar of Latvian,"Mathiassen, Terje",1997,236,grammar
lez,Lezgian,haspelmath1993grammar,https://drive.google.com/file/d/1iwpMnp71eV7A1kPZp6GVeSi-yGVE4UtC/view?usp=sharing,10 or more cases,"74-80, 83-104, 184-190",Lezgic,Nakh-Daghestanian,Eurasia,A Grammar of Lezgian,"Haspelmath, Martin",1993,587,grammar
mni,Meithei,chelliah1997grammar,https://drive.google.com/file/d/1TSg_YTlcZCtVqGOFTe43zj2wEeLbPpyW/view?usp=sharing,6-7 cases,107-129,Manipuri,Sino-Tibetan,Eurasia,A Grammar of Meithei,"Chelliah, Shobhana Lakshmi",1997,564,grammar
unr,Mundari,osada1992reference,https://drive.google.com/file/d/1V8q1ZFr2hDsVZ1wUqMHrKWrMHOSQ6pb-/view?usp=sharing,8-9 cases,"46-55, 64-66, 127-129",Munda,Austro-Asiatic,Eurasia,A Reference Grammar of Mundari,"Osada, Toshiki",1992,168,grammar
niv,Nivkh,gruzdeva1998nivkh,https://drive.google.com/file/d/1B9OZ-CGuNLtMpMgIqMQ4ipJ8g-k2kEwb/view?usp=sharing,8-9 cases,"17-22, 25-28",Nivkh,Nivkh,Eurasia,Nivkh,"Gruzdeva, Ekaterina",1998,66,grammar_sketch
tks,Tati (Southern),yar1969grammar,https://drive.google.com/file/d/1lFDt6tjsKpaJZF3rlnosPA3--5uaIPca/view?usp=sharing,2 cases,"73-78, 86-90, 96-106, 117-124, 147-162",Iranian,Indo-European,Eurasia,A Grammar of Southern Tati Dialects,"Yar-Shater, Ehsan",1969,276,grammar_sketch
tur,Turkish,kornfilt1997turkish,https://drive.google.com/file/d/1GEchKUPx_4QvvGn8ug74acTXLCw6rIBQ/view?usp=sharing,6-7 cases,"212-215, 281, 301-302, 311-313, 316-317",Turkic,Altaic,Eurasia,Turkish,"Kornfilt, Jaklin",1997,606,grammar
ude,Udihe,nikolaeva2001grammar,https://drive.google.com/file/d/1ZaYaqNEVTvufbH4R6pV6_VYtewxNdjU1/view?usp=sharing,8-9 cases,"106, 110-111, 118-127, 141-147",Tungusic,Altaic,Eurasia,A Grammar of Udihe,"Nikolaeva, Irina and Tolskaya, Maria",2001,1002,grammar
udm,Udmurt,winkler2001udmurt,https://drive.google.com/file/d/1jezJb2aUGPaNmhzJjVP2KfdFrS7dStQS/view?usp=sharing,10 or more cases,"16-30, 33-36",Permic,Uralic,Eurasia,Udmurt,"Winkler, Eberhard",2001,85,grammar_sketch
urd,Urdu,schmidt1999urdu,https://drive.google.com/file/d/1mRLY1fZxTAegVYkwZdNpmU9b7FZKKGG5/view?usp=sharing,2 cases,"7-12, 15-24, 27-28, 68-80",Indic,Indo-European,Eurasia,Urdu: An Essential Grammar,"Schmidt, Ruth Laila",1999,318,grammar
yux,Yukaghir (Kolyma),maslova2003grammar,https://drive.google.com/file/d/1MmkzrW2LFwOMEtvV_W6SVXTjHLRZtkHH/view?usp=sharing,8-9 cases,"91-92, 110-149, 284-293",Yukaghir,Yukaghir,Eurasia,A Grammar of Kolyma Yukaghir,"Maslova, Elena",2003,627,grammar
apu,Apurinã,facundes2000language,https://drive.google.com/file/d/1eAjAohr7YojJfMs00KUwvhEUtwrtjTIO/view?usp=sharing,Exclusively borderline case-marking,391-396,Purus,Arawakan,South America,The Language of the Apurinã People of Brazil (Maipure/Arawak),"Facundes, Sidney da Silva",2000,705,grammar
kwi,Awa Pit,curnow1997grammar,https://drive.google.com/file/d/1lzYr8dlg2D74puso1eDW1JK_TP2uonsE/view?usp=sharing,10 or more cases,"72-74, 86-87, 94, 122-126, 134-144",Barbacoan,Barbacoan,South America,A Grammar of Awa Pit (Cuaiquer): An Indigenous Language of South-western Colombia,"Curnow, Timothy J",1997,399,grammar
bsn,Barasano,jones1991barasano,https://drive.google.com/file/d/1qXbkk2ENTk4RsHBM7fr7a5e1drPx_FvP/view?usp=sharing,2 cases,"35, 37, 65-72",Tucanoan,Tucanoan,South America,Barasano Syntax,"Jones, Wendell and Jones, Paula",1991,208,grammar
sja,Epena Pedee,harms1994epena,https://drive.google.com/file/d/1QYnibsQijNnxC3H_pRLDcstN592wCSjl/view?usp=sharing,10 or more cases,"9-10, 57-58, 65-83",Choco,Choco,South America,Epena Pedee Syntax,"Harms, Philip Lee",1994,227,grammar
hix,Hixkaryana,derbyshire1979hixkaryana,https://drive.google.com/file/d/1zdOG3ghHI8MlfUkaI7ZOTliduWJR4ZGQ/view?usp=sharing,No morphological case-marking,"85, 126",Cariban,Cariban,South America,Hixkaryana,"Derbyshire, Desmond C.",1979,206,grammar
pad,Paumarí,chapman1991paumari,https://drive.google.com/file/d/1nVm68auS6WXkMKISALWE-QJ1x9CVJbez/view?usp=sharing,3 cases,"164-168, 198-201, 229-230, 250-254, 267-272, 274-275",Arauan,Arauan,South America,Paumari,"Chapman, Shirley and Derbyshire, Desmond C.",1991,194,grammar
myp,Pirahã,everett1986piraha,https://drive.google.com/file/d/1iy4fJv9yks_OcI-p5l79jMLn8-eB1AJq/view?usp=sharing,Exclusively borderline case-marking,"205-208, 271, 286-288",Mura,Mura,South America,Pirahã,"Everett, Daniel L",1986,126,grammar
qvi,Quechua (Imbabura),cole1982imbabura,https://drive.google.com/file/d/1tVdUN-QZhNKosonnoMoYl19m3bi_yE8B/view?usp=sharing,8-9 cases,"75-76, 101-130",Quechuan,Quechuan,South America,Imbabura Quechua,"Cole, Peter",1982,240,grammar
xsu,Sanuma,borgman1990sanuma,https://drive.google.com/file/d/1RpS_6et-yUScm24U6HfMsS_XAWwoo5IH/view?usp=sharing,2 cases,"28-33, 119-126, 149-151, 154-164",Yanomam,Yanomam,South America,Sanuma,"Borgman, Donald M.",1990,234,grammar
shp,Shipibo-Konibo,valenzuela1997basic,https://drive.google.com/file/d/1NHPzjpoXLznsl6iaLzFvQ7uFOH8rqGiX/view?usp=sharing,6-7 cases,"27-32, 89-97",Panoan,Pano-Tacanan,South America,Basic Verb Types and Argument Structures in Shipibo-Conibo,"Valenzuela, Pilar M.",1997,286,grammar_sketch
tpy,Trumai,guirardello1999reference,https://drive.google.com/file/d/1170oZ7nUK7Ao0DPaTC3Ps2DM1MkNgKeD/view?usp=sharing,5 cases,"71-76, 267-286",Trumai,Trumai,South America,A Reference Grammar of Trumai,"Guirardello, Raquel",1999,475,grammar
urb,Urubú-Kaapor,kakumasu1986urubu,https://drive.google.com/file/d/1ZI7K5i8Bebg5HY4FPwTZNvpjDBN5-TVa/view?usp=sharing,No morphological case-marking,"327-331, 350-353, 368, 382-384",Maweti-Guarani,Tupian,South America,Urubu-Kaapor,"Kakumasu, James",1986,81,grammar_sketch
wba,Warao,romero1997reference,https://drive.google.com/file/d/1em_y8sJ3na0v9X8DDg6udJtSdMjlMQou/view?usp=sharing,5 cases,"9-10, 45-47, 63-67, 72-74, 92",Warao,Warao,South America,A reference grammar of Warao,"Romero-Figueroa, A.",1997,141,grammar
pav,Wari',everett1997wari,https://drive.google.com/file/d/1KQ_p-5QoPZ3wnh7_wPKuuAleroQc2uiU/view?usp=sharing,No morphological case-marking,"329-337, 347",Chapacura-Wanham,Chapacura-Wanham,South America,Wari: the Pacaas Novos Language of Western Brazil,"Everett, Daniel L. and Kern, Barbara",1997,530,grammar
yad,Yagua,payne1990yagua,https://drive.google.com/file/d/1uKdtH6qRuwFyCMmij1bbtDzEnomJbGUr/view?usp=sharing,Exclusively borderline case-marking,"361-367, 369-371, 378-383",Peba-Yaguan,Peba-Yaguan,South America,Yagua,"Payne, Doris L. and Payne, Thomas",1990,226,grammar
jup,Hup,epps2005grammar,https://drive.google.com/file/d/1Z5-_Z0gkj-Hl4g1RpRu6BH9x6IvxFoRY/view?usp=sharing,4 cases,"224-226, 242, 245-246",Nadahup,Nadahup,South America,A Grammar of Hup,"Epps, Patience",2005,1134,grammar
huu,Huitoto (Murui),wojtylak2020grammar,https://drive.google.com/file/d/11fLjlsrhYm0zdb5FfqImxqttaLSULG3t/view?usp=sharing,6-7 cases,"241-245, 273-274, 299 (example)",Witoto,Witotoan,South America,A Grammar of Murui (Bue): A Witotoan language of Northwest Amazonia,"Wojtylak, Katarzyna I.",2017,637,grammar
iqu,Iquito,lai2009time,https://drive.google.com/file/d/1_1N4pCnnvbAnzR30lnQxPQUsZZYCcapi/view?usp=sharing,No morphological case-marking,46-71,Zaparoan,Zaparoan,South America,Time in the Iquito Language,"Lai, I-Wen",2009,629,grammar
mzp,Movima,haude2006grammar,https://drive.google.com/file/d/1i-YKEBq48kxYSzdJZ1H-OoEjiV1a1CUL/view?usp=sharing,No morphological case-marking,9,Movima,Movima,South America,A Grammar of Movima,"Haude, Katharina",2006,614,grammar
apn,Apinayé,de2005language,https://drive.google.com/file/d/1FsQpyO6YY1EaDS58MhRLoLSJ8TPNrmT5/view?usp=sharing,No morphological case-marking,"107-114, 233-242",Je Setentrional,Macro-Ge,South America,The Language of the Apinajé People of Central Brazil,"Cunha de Oliveira, Christiane",2005,445,grammar
cbv,Cacua,bolanos2016grammar,https://drive.google.com/file/d/19Pesza4prSn4Kg0u1SRY2KRWwHPShFMZ/view?usp=sharing,4 cases,"134, 183, 209-210",Cacua-Nukak,Cacua-Nukak,South America,A Grammar of Kakua,"Bolaños, Katherine",2016,415,grammar
yuz,Yuracare,van2006grammar,https://drive.google.com/file/d/1VbOGmA0mqcOrtRJdRYsOl1PhM6HCr7dn/view?usp=sharing,Exclusively borderline case-marking,106-107 (example),Yuracare,Yuracare,South America,A Grammar of Yurakaré,"van Gijn, Erik",2006,372,grammar
kbh,Camsá,o2018grammatical,https://drive.google.com/file/d/1lk-PI3nd3CWzUV6JM0BLSlzyjttjBFSQ/view?usp=sharing,10 or more cases,"31, 71-86 (example)",Camsá,Camsá,South America,A grammatical description of Kamsá: A language isolate of Colombia,"O'Brien, Colleen Alena",2018,278,grammar
kbc,Kadiwéu,sandalo1995grammar,https://drive.google.com/file/d/1vTDg3FMsFe61XpDwhbYK62wKEWplVjCi/view?usp=sharing,6-7 cases,78,Kadiwéu,Guaicuruan,South America,A Grammar of Kadiweu,"Sandalo, Maria Filomena",1995,291,grammar
kpj,Karajá,ribeiro2012grammar,https://drive.google.com/file/d/1-sur1Bxc6y-U-quphS8j7YteGRzvka2g/view?usp=sharing,10 or more cases,"37, 224",Karajá,Macro-Ge,South America,A grammar of Karajá,"Ribeiro, Eduardo Rivail",2012,301,grammar
brg,Baure,danielsen2007baure,https://drive.google.com/file/d/1fMUNfPyuy1meEtdexc9l19ccBQG_ZQh4/view?usp=sharing,Exclusively borderline case-marking,"332-336, 336-337",Bolivia-Parana,Arawakan,South America,Baure: An Arawak Language of Bolivia,"Danielsen, Swintha",2007,500,grammar